CREATE DATABASE  IF NOT EXISTS `users` /*!40100 DEFAULT CHARACTER SET utf8mb4 COLLATE utf8mb4_0900_ai_ci */;
USE `users`;
-- MySQL dump 10.13  Distrib 8.0.13, for Win64 (x86_64)
--
-- Host: 127.0.0.1    Database: users
-- ------------------------------------------------------
-- Server version	8.0.12

/*!40101 SET @OLD_CHARACTER_SET_CLIENT=@@CHARACTER_SET_CLIENT */;
/*!40101 SET @OLD_CHARACTER_SET_RESULTS=@@CHARACTER_SET_RESULTS */;
/*!40101 SET @OLD_COLLATION_CONNECTION=@@COLLATION_CONNECTION */;
 SET NAMES utf8 ;
/*!40103 SET @OLD_TIME_ZONE=@@TIME_ZONE */;
/*!40103 SET TIME_ZONE='+00:00' */;
/*!40014 SET @OLD_UNIQUE_CHECKS=@@UNIQUE_CHECKS, UNIQUE_CHECKS=0 */;
/*!40014 SET @OLD_FOREIGN_KEY_CHECKS=@@FOREIGN_KEY_CHECKS, FOREIGN_KEY_CHECKS=0 */;
/*!40101 SET @OLD_SQL_MODE=@@SQL_MODE, SQL_MODE='NO_AUTO_VALUE_ON_ZERO' */;
/*!40111 SET @OLD_SQL_NOTES=@@SQL_NOTES, SQL_NOTES=0 */;

--
-- Table structure for table `admins`
--

DROP TABLE IF EXISTS `admins`;
/*!40101 SET @saved_cs_client     = @@character_set_client */;
 SET character_set_client = utf8mb4 ;
CREATE TABLE `admins` (
  `id` int(11) NOT NULL AUTO_INCREMENT,
  `name` varchar(30) NOT NULL,
  `user_id` int(11) NOT NULL,
  PRIMARY KEY (`id`),
  KEY `user_id` (`user_id`),
  CONSTRAINT `admins_ibfk_1` FOREIGN KEY (`user_id`) REFERENCES `users` (`id`) ON UPDATE CASCADE
) ENGINE=InnoDB AUTO_INCREMENT=13 DEFAULT CHARSET=utf8;
/*!40101 SET character_set_client = @saved_cs_client */;

--
-- Dumping data for table `admins`
--

LOCK TABLES `admins` WRITE;
/*!40000 ALTER TABLE `admins` DISABLE KEYS */;
INSERT INTO `admins` VALUES (1,'Maxim',24),(2,'Max',25),(3,'Maxon',26),(4,'Admin1',27),(5,'Admin2',28),(6,'Admin3',29),(7,'Admin4',30),(8,'Admin5',31),(9,'Admin7',32),(10,'Admin8',33),(11,'Admin9',34),(12,'Admin10',35);
/*!40000 ALTER TABLE `admins` ENABLE KEYS */;
UNLOCK TABLES;

--
-- Table structure for table `brokers`
--

DROP TABLE IF EXISTS `brokers`;
/*!40101 SET @saved_cs_client     = @@character_set_client */;
 SET character_set_client = utf8mb4 ;
CREATE TABLE `brokers` (
  `id` int(11) NOT NULL AUTO_INCREMENT,
  `name` varchar(100) NOT NULL,
  `phone` varchar(20) NOT NULL,
  `email` varchar(45) NOT NULL,
  `fax` varchar(45) DEFAULT NULL,
  PRIMARY KEY (`id`)
) ENGINE=InnoDB AUTO_INCREMENT=501 DEFAULT CHARSET=utf8;
/*!40101 SET character_set_client = @saved_cs_client */;

--
-- Dumping data for table `brokers`
--

LOCK TABLES `brokers` WRITE;
/*!40000 ALTER TABLE `brokers` DISABLE KEYS */;
INSERT INTO `brokers` VALUES (1,'Thoughtbeat','430-536-4152','dmeredyth0@answers.com','862-194-7953'),(2,'Thoughtbeat','874-429-4853','jamis1@vinaora.com','177-275-0379'),(3,'JumpXS','997-126-7457','dbordman2@usda.gov','939-586-6192'),(4,'Zoombox','384-753-8070','wtenney3@purevolume.com','914-831-1576'),(5,'Thoughtblab','852-255-6111','jcurrier4@msn.com','387-308-8529'),(6,'Oyondu','963-980-3565','nmoro5@dailymotion.com','197-975-1226'),(7,'Yakitri','891-642-1270','hofihillie6@parallels.com','436-491-5965'),(8,'Flashdog','389-510-8873','aalven7@odnoklassniki.ru','874-703-8528'),(9,'Jabberstorm','347-920-4664','nlefriec8@hp.com','309-611-4997'),(10,'Ntags','651-818-0436','jshippey9@nsw.gov.au','367-728-3394'),(11,'Flashset','827-451-8126','jphettisa@gmpg.org','785-528-7742'),(12,'Flashdog','321-183-2426','jpetrashovb@twitpic.com','954-140-1145'),(13,'Yotz','138-240-7456','jflelloc@shareasale.com','471-349-0880'),(14,'Linklinks','418-758-6707','nkennefickd@rakuten.co.jp','276-187-7188'),(15,'Trilith','858-189-5917','ikuhndele@godaddy.com','377-631-0395'),(16,'Trupe','132-268-5365','kyeellf@w3.org','800-788-7883'),(17,'Photofeed','595-234-7455','driveg@businesswire.com','332-188-2508'),(18,'Shuffletag','178-261-6790','lcatfordh@facebook.com','520-819-7010'),(19,'Yambee','198-845-5998','vcollingworthi@ed.gov','593-609-5983'),(20,'Katz','697-852-5217','egreenwellj@hhs.gov','424-278-0056'),(21,'Kanoodle','672-104-6249','bcasterouk@shop-pro.jp','954-294-3722'),(22,'Brainverse','604-293-8556','jthurlbeckl@ihg.com','860-800-7184'),(23,'Chatterpoint','885-297-5990','jdumbarm@tmall.com','132-463-7344'),(24,'Muxo','371-631-2370','chabardn@google.pl','905-156-3649'),(25,'Zoombeat','374-790-9396','cborborougho@alibaba.com','657-966-3559'),(26,'Brainlounge','589-936-5896','rmiddasp@uiuc.edu','369-250-9250'),(27,'Avamm','280-799-8138','hhaulkhamq@webmd.com','586-657-2172'),(28,'Tagtune','306-781-1719','gghidellir@pbs.org','718-795-3550'),(29,'Tekfly','843-941-5597','rowens@canalblog.com','313-232-8920'),(30,'Einti','913-659-7192','mglandt@time.com','955-218-8730'),(31,'Realbridge','853-370-4003','achadbourneu@mashable.com','649-298-2710'),(32,'Thoughtmix','265-657-9365','ydelcastellov@buzzfeed.com','370-726-1624'),(33,'Leexo','777-563-0331','egritsunovw@360.cn','492-554-5464'),(34,'Gevee','939-958-2659','ftremellingx@google.fr','930-348-5032'),(35,'Shufflebeat','805-543-4175','dwickardty@paginegialle.it','171-880-9595'),(36,'Avavee','768-192-2305','dhadleighz@nationalgeographic.com','293-703-3277'),(37,'Quire','154-578-5244','cohrtmann10@epa.gov','619-412-4645'),(38,'Babbleblab','278-929-3554','smortimer11@netscape.com','176-894-1662'),(39,'Jetpulse','445-759-5729','aprahm12@phpbb.com','765-243-0277'),(40,'Ooba','375-688-4555','blindeman13@apple.com','189-922-6707'),(41,'Skipstorm','158-578-5580','sseabrocke14@flavors.me','610-332-2074'),(42,'Fadeo','188-147-3864','lwibberley15@stanford.edu','327-477-1378'),(43,'Voomm','570-125-0292','olefeuvre16@comcast.net','442-857-9839'),(44,'Oyondu','387-783-1098','rmorrallee17@delicious.com','178-168-8986'),(45,'Linktype','648-995-1072','lcorter18@earthlink.net','274-799-5316'),(46,'Lazz','161-447-5536','vturner19@ucoz.com','752-707-8257'),(47,'Jayo','264-669-3245','asample1a@businessinsider.com','543-823-9581'),(48,'Skynoodle','874-486-9797','sbeecraft1b@163.com','386-523-3699'),(49,'Vimbo','169-559-7241','sdongate1c@topsy.com','776-261-5813'),(50,'LiveZ','911-131-8499','eadrianello1d@independent.co.uk','353-516-8550'),(51,'Yakidoo','637-511-2218','vconstantinou1e@cyberchimps.com','644-295-3210'),(52,'Oyoyo','629-172-6119','sthome1f@mail.ru','154-817-3427'),(53,'Eayo','391-177-3606','trapo1g@fotki.com','140-335-2398'),(54,'Youfeed','499-275-0795','hgallie1h@statcounter.com','117-377-5972'),(55,'Abata','589-207-0088','jklimentyonok1i@whitehouse.gov','546-258-4713'),(56,'Nlounge','356-698-2482','dsaville1j@nationalgeographic.com','121-560-7416'),(57,'Skinte','345-572-2264','wfrackiewicz1k@foxnews.com','713-689-0028'),(58,'LiveZ','814-294-9551','bsly1l@topsy.com','512-489-1884'),(59,'Flipstorm','952-268-8360','gautie1m@mysql.com','632-393-7607'),(60,'Snaptags','861-273-0625','bgratton1n@yolasite.com','485-482-7636'),(61,'Browseblab','337-218-7432','mmacgiollapheadair1o@sogou.com','324-186-6275'),(62,'Quatz','166-587-3918','hcostelow1p@nature.com','888-334-5829'),(63,'Centidel','904-803-4216','fekless1q@ca.gov','716-999-7646'),(64,'Yodel','638-285-5559','blaurentino1r@dedecms.com','522-185-7013'),(65,'Quinu','381-434-5576','mkiff1s@webs.com','683-272-7559'),(66,'Realcube','764-126-5943','ovasilic1t@buzzfeed.com','840-396-6028'),(67,'Skajo','577-790-2586','aborres1u@posterous.com','139-513-0817'),(68,'Buzzbean','743-174-0312','agodmer1v@omniture.com','811-683-6004'),(69,'Fiveclub','313-310-9605','rmowsdell1w@artisteer.com','720-915-0744'),(70,'Quatz','586-636-3273','egosling1x@fastcompany.com','937-390-5333'),(71,'Oyondu','971-441-1286','acalafate1y@google.es','582-199-5118'),(72,'Zazio','444-247-2157','lnevitt1z@va.gov','437-821-6491'),(73,'Skajo','931-831-9840','malsopp20@sourceforge.net','481-839-0113'),(74,'Tekfly','859-317-9660','calibone21@godaddy.com','409-350-7613'),(75,'Babbleopia','740-863-1618','bcordobes22@fda.gov','264-270-7782'),(76,'Twitterbridge','245-968-9660','bmattson23@youtube.com','823-243-7982'),(77,'LiveZ','522-337-4953','mblowen24@woothemes.com','952-137-6070'),(78,'Realcube','369-112-7865','cticic25@umich.edu','750-755-0524'),(79,'Jayo','583-385-0975','bervine26@mtv.com','124-197-4708'),(80,'Skalith','193-426-8477','rlugton27@mozilla.org','227-834-4284'),(81,'Yadel','728-524-0544','afensome28@oakley.com','121-697-7918'),(82,'Livetube','250-178-9739','jbalderson29@elegantthemes.com','845-278-5359'),(83,'Jayo','714-704-5206','gshippam2a@e-recht24.de','226-861-9998'),(84,'Oyoloo','453-256-0750','gpodbury2b@zdnet.com','436-347-7126'),(85,'Abata','386-516-0038','cbleythin2c@buzzfeed.com','418-804-5387'),(86,'Gabvine','480-349-1871','gponsford2d@howstuffworks.com','929-643-6799'),(87,'Gigabox','634-821-8994','mholcroft2e@alibaba.com','364-332-3459'),(88,'Skinix','886-399-0274','ldanes2f@moonfruit.com','230-980-3748'),(89,'Bubblemix','528-649-1834','tpotell2g@tamu.edu','880-617-8468'),(90,'Chatterpoint','665-620-4712','wnarbett2h@networkadvertising.org','812-495-2719'),(91,'Thoughtstorm','317-519-3669','jdoohan2i@shop-pro.jp','808-686-6875'),(92,'Eare','294-496-5577','jmannakee2j@desdev.cn','394-642-8321'),(93,'Einti','982-869-5229','ayurkiewicz2k@woothemes.com','619-593-9963'),(94,'Kazio','312-570-4469','kelcoat2l@hp.com','499-898-4109'),(95,'Minyx','527-993-4073','ecosgreave2m@printfriendly.com','883-430-7998'),(96,'Browsedrive','866-818-2889','nsango2n@hugedomains.com','828-411-6117'),(97,'Quire','639-974-4558','mcrispin2o@lulu.com','936-905-2282'),(98,'Twitterbridge','312-278-9175','bvinten2p@dyndns.org','748-178-9938'),(99,'Twitternation','629-783-3910','afeehely2q@marketwatch.com','582-334-3507'),(100,'Youspan','961-867-0900','vrispen2r@cnbc.com','573-907-3082'),(101,'Tambee','298-909-2654','bstanners2s@wikia.com','644-473-8482'),(102,'Wikizz','133-676-8201','lbeeke2t@macromedia.com','153-663-8109'),(103,'Yombu','771-806-5653','ecotterill2u@cbc.ca','822-144-3609'),(104,'Devcast','552-360-7609','fwhitemarsh2v@cbsnews.com','890-207-4134'),(105,'Tavu','811-516-2022','samiable2w@hatena.ne.jp','195-366-7050'),(106,'Zoombeat','821-717-9894','battenburrow2x@biglobe.ne.jp','176-720-5006'),(107,'Skaboo','318-400-0618','mdodamead2y@google.pl','116-612-1203'),(108,'Izio','232-441-4322','tiskowitz2z@google.ca','708-792-8351'),(109,'Voolia','425-680-2292','oburcher30@tripod.com','924-366-0279'),(110,'Topicblab','314-831-1220','dbougen31@scientificamerican.com','576-547-2464'),(111,'Chatterbridge','354-122-4106','astelfax32@google.com.au','725-815-5993'),(112,'Devpulse','488-395-3324','lmattioli33@chronoengine.com','157-191-2751'),(113,'Browsebug','962-731-8474','awhitehorne34@oaic.gov.au','540-984-4099'),(114,'Photobug','510-139-2397','mlazenby35@qq.com','959-417-1749'),(115,'Vinte','348-357-8981','dmusson36@ebay.com','254-738-2465'),(116,'Babbleblab','914-524-0650','lmiddiff37@reddit.com','525-660-6281'),(117,'Oyope','417-995-6105','wkmicicki38@taobao.com','358-787-2005'),(118,'Brightdog','292-152-8654','bcohani39@wisc.edu','966-466-0895'),(119,'Dablist','340-899-9047','ytwohig3a@w3.org','973-676-5429'),(120,'Meembee','961-226-9046','tayree3b@va.gov','936-873-3283'),(121,'Cogibox','566-758-4764','amclucky3c@nps.gov','744-781-3277'),(122,'Dabvine','792-948-8505','sbenezeit3d@bluehost.com','519-569-0350'),(123,'Izio','857-491-2396','gmeadley3e@odnoklassniki.ru','954-845-6787'),(124,'InnoZ','290-383-9760','rshingfield3f@reverbnation.com','404-259-6827'),(125,'Katz','412-184-9806','gchoudhury3g@nymag.com','497-224-4764'),(126,'Roodel','147-146-0312','jshury3h@creativecommons.org','111-838-8807'),(127,'Meevee','195-350-6394','iscohier3i@marriott.com','397-769-6997'),(128,'Gigashots','835-678-0173','kfadian3j@vinaora.com','988-515-1745'),(129,'Rhybox','752-488-0077','pdaubney3k@nih.gov','156-833-2899'),(130,'Agimba','591-275-9405','piban3l@ucla.edu','580-321-4253'),(131,'Voomm','388-593-5385','sabramowitz3m@stanford.edu','457-258-6554'),(132,'Photospace','358-638-7043','mniblo3n@salon.com','726-109-0093'),(133,'Skyvu','515-198-8864','scleugh3o@wordpress.org','602-112-8146'),(134,'Mybuzz','470-516-8055','hgrafton3p@redcross.org','347-282-3193'),(135,'Jaxnation','570-778-5125','fdybald3q@illinois.edu','561-299-7343'),(136,'Aivee','608-905-6252','fmorhall3r@joomla.org','232-410-9563'),(137,'Realfire','591-465-6705','egraver3s@cam.ac.uk','961-908-5719'),(138,'Skivee','675-829-8378','abriggs3t@mayoclinic.com','295-976-5054'),(139,'Centidel','991-536-5381','vrudledge3u@comsenz.com','336-685-9495'),(140,'Quire','596-906-4728','bsmiz3v@indiegogo.com','647-789-0760'),(141,'Meeveo','664-758-6543','ohorrigan3w@npr.org','779-227-7746'),(142,'Tavu','242-519-0273','jlilbourne3x@elpais.com','278-701-2179'),(143,'Voomm','849-797-8245','bhendrik3y@gov.uk','898-644-3140'),(144,'Rhybox','273-848-6773','kstonner3z@pinterest.com','996-316-0006'),(145,'Innotype','572-802-6698','jmccrackan40@msn.com','787-122-4940'),(146,'Fanoodle','478-856-8080','tconti41@blogspot.com','988-399-4597'),(147,'Mydeo','815-379-7079','rbenedikt42@google.co.jp','785-883-1343'),(148,'Dazzlesphere','219-725-7343','rbernth43@slate.com','792-348-0127'),(149,'Twinte','238-659-6707','imaddison44@cam.ac.uk','612-548-4043'),(150,'Quinu','424-712-9997','vfrancescozzi45@lulu.com','422-954-1609'),(151,'Jazzy','498-736-4345','cvidgen46@hibu.com','781-863-0180'),(152,'Roombo','713-139-5965','gzoanetti47@businesswire.com','144-137-5384'),(153,'Brainlounge','403-195-7644','bocrowley48@boston.com','682-171-8198'),(154,'Layo','906-944-2941','njohnikin49@shop-pro.jp','516-709-7980'),(155,'Mymm','528-923-0426','apetrasek4a@hud.gov','550-963-8532'),(156,'Linktype','578-599-2188','arulten4b@tmall.com','966-451-3777'),(157,'Gigazoom','200-271-9765','msillis4c@imageshack.us','953-355-5073'),(158,'Fadeo','592-190-0275','lmacaleese4d@nih.gov','478-555-5716'),(159,'Jabbertype','874-114-2845','dbernadot4e@free.fr','585-484-7893'),(160,'Linktype','535-845-0830','arassmann4f@bbb.org','277-614-7107'),(161,'Dazzlesphere','946-715-3554','wventham4g@prnewswire.com','483-259-8371'),(162,'Jamia','171-305-0947','ekimbling4h@imgur.com','573-985-1553'),(163,'Babbleset','653-303-3647','drylatt4i@un.org','214-683-9036'),(164,'Photobean','579-443-1399','bcomsty4j@issuu.com','882-429-5216'),(165,'Eimbee','706-165-1888','dhaselhurst4k@amazon.de','823-746-2882'),(166,'Skyba','484-486-6070','mfaichney4l@oaic.gov.au','432-667-1479'),(167,'Babbleblab','899-222-4927','sbudleigh4m@cam.ac.uk','932-574-0218'),(168,'Rhyloo','606-547-6424','nfrancesc4n@taobao.com','442-888-8753'),(169,'Yata','550-676-4078','lhatliffe4o@newsvine.com','120-631-8084'),(170,'Voolia','805-490-6622','fgander4p@eventbrite.com','526-379-2149'),(171,'Trilith','443-686-7690','lbarnbrook4q@nature.com','598-627-1566'),(172,'Skyndu','772-572-4999','mhynard4r@elpais.com','309-648-0859'),(173,'Bubblebox','977-882-5587','vdragge4s@1und1.de','195-497-3161'),(174,'Brightdog','985-935-9055','sheindl4t@google.co.jp','946-943-4472'),(175,'Ozu','852-130-3516','mbeards4u@lulu.com','987-590-1566'),(176,'Voonyx','322-483-5791','sgeorgiev4v@google.pl','867-370-6668'),(177,'Skibox','974-425-6812','movington4w@eventbrite.com','232-436-9960'),(178,'Twitterworks','123-983-9926','gtheunissen4x@scribd.com','751-333-8117'),(179,'Yozio','592-989-1659','dgostage4y@dyndns.org','347-878-7036'),(180,'Zoomdog','521-648-7139','wsiddall4z@gmpg.org','421-326-2455'),(181,'Skaboo','172-183-7900','hpidgeon50@independent.co.uk','702-388-2786'),(182,'Latz','998-309-5575','ycasazza51@linkedin.com','159-676-2156'),(183,'Livetube','578-633-6207','atames52@globo.com','105-715-4145'),(184,'Kaymbo','918-378-6178','jkorneev53@hexun.com','731-514-8494'),(185,'Gigazoom','938-302-0944','lcanape54@umn.edu','915-888-0361'),(186,'Photolist','944-751-0368','tpiggott55@jigsy.com','697-579-4516'),(187,'Rhybox','938-105-1522','gkershaw56@51.la','313-743-4847'),(188,'Vinder','702-150-7715','ogiuroni57@devhub.com','504-890-7653'),(189,'Leenti','549-979-0995','langrock58@ifeng.com','586-952-8403'),(190,'Oyondu','788-319-6271','lmaplestone59@cnbc.com','176-970-8109'),(191,'Oodoo','214-485-0470','dwinspar5a@mapquest.com','613-706-0916'),(192,'Dabfeed','818-134-8799','brougier5b@guardian.co.uk','367-269-8854'),(193,'Quatz','834-294-1594','hcolegrove5c@uol.com.br','678-797-9790'),(194,'Realfire','224-431-2989','ftaks5d@epa.gov','599-969-5183'),(195,'Flashset','451-247-6562','erosas5e@shinystat.com','663-388-8234'),(196,'Voonte','558-705-0441','bgunner5f@vistaprint.com','414-143-6849'),(197,'Youspan','129-169-4559','lfardon5g@noaa.gov','201-405-1085'),(198,'Aivee','530-263-3110','achanson5h@ehow.com','375-549-3807'),(199,'Oyoloo','179-528-1402','bfellgett5i@ucla.edu','933-385-2626'),(200,'Yabox','104-181-9106','mblackah5j@nsw.gov.au','789-218-9780'),(201,'Oozz','138-715-8831','spetriello5k@buzzfeed.com','232-928-8120'),(202,'Yotz','238-370-2782','ajeans5l@sbwire.com','426-282-7687'),(203,'Zava','955-885-3933','aherculeson5m@freewebs.com','628-329-4361'),(204,'Voonyx','696-488-2830','drace5n@blogs.com','757-167-7406'),(205,'Yotz','161-720-6980','ajeandot5o@noaa.gov','808-134-2081'),(206,'Jetpulse','390-979-8068','kslayford5p@ucla.edu','843-602-3891'),(207,'Yambee','354-282-3474','kmccrone5q@uiuc.edu','918-174-4085'),(208,'Pixoboo','178-612-2084','ashelly5r@vimeo.com','883-613-9762'),(209,'Livetube','890-773-4502','rcusty5s@ftc.gov','321-846-7042'),(210,'Aivee','216-590-5110','nyarnall5t@gravatar.com','476-918-0450'),(211,'Gigabox','937-946-2978','agoodbairn5u@imgur.com','247-377-1898'),(212,'Vinder','112-891-2968','lramsbottom5v@prlog.org','205-165-9468'),(213,'Katz','891-452-5629','bbrann5w@ft.com','453-243-6636'),(214,'Voolith','822-876-0075','moby5x@census.gov','705-561-2205'),(215,'Avavee','173-755-3167','ftarling5y@hao123.com','187-956-2906'),(216,'Skajo','502-250-9686','avlahos5z@hc360.com','892-364-6368'),(217,'Centidel','241-945-4557','jhadlington60@pen.io','889-956-0458'),(218,'Browsezoom','613-551-6200','jmarcinkus61@google.ca','908-442-0733'),(219,'Zoomcast','780-856-8207','rplatfoot62@storify.com','138-368-1416'),(220,'Flipstorm','706-108-0095','cmackie63@go.com','946-922-3937'),(221,'Roomm','411-845-2185','avacher64@amazon.co.uk','402-654-5349'),(222,'Avamm','980-870-5847','adammarell65@dot.gov','177-902-4536'),(223,'Photobug','204-297-3016','bcheyenne66@craigslist.org','560-640-1229'),(224,'Viva','786-673-0575','wcorse67@economist.com','961-811-8923'),(225,'Aimbu','732-834-9472','mlloyds68@imageshack.us','126-490-8125'),(226,'DabZ','139-136-2867','kdadson69@theatlantic.com','525-422-2831'),(227,'Voolith','713-662-3710','itethacot6a@ocn.ne.jp','828-441-7317'),(228,'Skyvu','502-408-2811','kpointing6b@youku.com','122-125-9335'),(229,'Skippad','716-740-8811','wmeneely6c@seattletimes.com','439-518-3142'),(230,'Skajo','147-557-0009','eskechley6d@vk.com','339-108-7316'),(231,'Centidel','488-249-6289','dchessman6e@imdb.com','457-415-7799'),(232,'Aimbo','431-560-2310','hjosselsohn6f@msu.edu','132-653-4541'),(233,'Devpoint','670-581-7614','fforshaw6g@1und1.de','433-813-0771'),(234,'Pixoboo','131-896-6068','atofanini6h@sphinn.com','456-594-7502'),(235,'Katz','625-536-4943','fcottrell6i@ftc.gov','450-633-6005'),(236,'Twitterlist','638-270-6859','lvoules6j@jimdo.com','912-729-3681'),(237,'Miboo','915-705-5605','dhugli6k@themeforest.net','189-446-7440'),(238,'Chatterbridge','609-119-1330','ecastello6l@wp.com','933-387-4274'),(239,'Chatterbridge','157-839-4954','lantonopoulos6m@webeden.co.uk','207-828-3331'),(240,'Kimia','537-979-5468','rdulany6n@latimes.com','632-303-6718'),(241,'Leexo','186-272-6077','apowis6o@desdev.cn','493-961-8442'),(242,'Realmix','960-282-4038','fminnock6p@arstechnica.com','982-748-4767'),(243,'Trudeo','181-908-5797','creding6q@taobao.com','789-650-5560'),(244,'Quinu','869-629-0787','ccollyer6r@dailymail.co.uk','789-227-5985'),(245,'Twimbo','913-685-7203','moffiler6s@loc.gov','147-966-8809'),(246,'Skajo','442-706-2459','rcarlan6t@epa.gov','425-617-7962'),(247,'Zoovu','773-847-2891','farnke6u@archive.org','383-822-9055'),(248,'Cogidoo','379-317-3348','kclapston6v@reddit.com','916-335-8507'),(249,'Kimia','879-506-5277','eguidini6w@skyrock.com','523-546-4165'),(250,'Trilith','946-449-3636','aedling6x@cyberchimps.com','581-345-0317'),(251,'Gabcube','828-215-8273','lsaleway6y@cmu.edu','225-872-6633'),(252,'Meevee','735-853-6178','plitzmann6z@usgs.gov','717-738-5941'),(253,'Feednation','718-696-8566','mturgoose70@dropbox.com','195-826-9293'),(254,'Yakitri','760-584-6297','kkalkhoven71@mapy.cz','891-165-7233'),(255,'Kaymbo','255-236-7715','mnotley72@redcross.org','470-922-3903'),(256,'Jaxnation','274-673-0600','mfinnemore73@e-recht24.de','687-101-0631'),(257,'Muxo','994-709-6685','kshortin74@cocolog-nifty.com','180-579-8132'),(258,'Voonix','792-943-7278','wdachs75@usa.gov','277-455-5774'),(259,'Pixoboo','400-663-5848','lridel76@t-online.de','361-157-3026'),(260,'Camimbo','770-934-5519','ewallett77@plala.or.jp','609-723-7295'),(261,'Yozio','712-695-1310','hturnell78@economist.com','251-788-0475'),(262,'Jabbersphere','268-718-1686','jfearnside79@tuttocitta.it','161-514-0085'),(263,'Livefish','151-201-5371','epyson7a@vinaora.com','565-955-0520'),(264,'Bubblebox','931-624-2354','ggadie7b@instagram.com','996-133-1735'),(265,'Realblab','355-608-8469','dcrisp7c@cornell.edu','979-924-6965'),(266,'Rhybox','755-891-0553','groust7d@furl.net','438-157-6951'),(267,'Meejo','680-380-4057','kjanuszewski7e@apple.com','358-365-7622'),(268,'Skyble','515-483-8242','aserjent7f@nih.gov','716-460-6213'),(269,'Riffwire','387-529-7289','cbart7g@csmonitor.com','514-664-3041'),(270,'Cogidoo','654-452-3109','celcome7h@ocn.ne.jp','488-288-8995'),(271,'Demivee','268-628-7210','rtoping7i@example.com','355-273-5541'),(272,'Roombo','737-716-9615','mheningham7j@europa.eu','884-724-6234'),(273,'Eare','806-427-6946','gsoars7k@webs.com','512-354-3196'),(274,'Minyx','295-459-6639','nsussans7l@nydailynews.com','820-998-5482'),(275,'Lajo','123-614-9175','kboucher7m@eepurl.com','343-522-0945'),(276,'Linkbuzz','746-798-7074','slutty7n@ameblo.jp','830-552-2236'),(277,'Dabfeed','746-806-9510','fkinnane7o@chronoengine.com','816-908-9025'),(278,'Chatterbridge','831-228-0417','thinckley7p@narod.ru','255-524-1633'),(279,'Tagcat','108-567-9452','tsallnow7q@jimdo.com','273-983-6467'),(280,'Yakidoo','721-620-8846','pdorkens7r@toplist.cz','839-771-2028'),(281,'Jabbertype','599-879-6364','ezellick7s@dion.ne.jp','767-611-5755'),(282,'Fivechat','468-329-9897','rgair7t@bloglines.com','794-860-8317'),(283,'Skippad','116-784-6478','jdelaci7u@china.com.cn','642-787-2985'),(284,'Twitternation','697-175-7957','nhargreaves7v@tuttocitta.it','861-530-9474'),(285,'Twitterworks','802-380-3033','mjedrychowski7w@columbia.edu','100-918-5585'),(286,'Gabvine','262-232-9262','xmongan7x@vistaprint.com','325-717-5373'),(287,'Thoughtsphere','601-684-5330','mspringtorp7y@huffingtonpost.com','457-781-6350'),(288,'Voonix','881-390-3985','rthebeaud7z@google.com','171-946-7963'),(289,'Kimia','164-298-2920','mcardenosa80@amazon.co.uk','918-545-2488'),(290,'Brainbox','363-507-7612','jsedger81@nasa.gov','171-250-9725'),(291,'Buzzshare','510-346-3281','cfahrenbach82@berkeley.edu','746-937-5629'),(292,'Geba','531-906-3271','nkeig83@state.tx.us','791-960-5761'),(293,'Tagopia','859-676-6809','gboissier84@nba.com','715-506-3760'),(294,'Tagchat','928-784-1825','lmatteotti85@si.edu','197-635-2794'),(295,'Feedmix','345-457-8671','ghuckfield86@livejournal.com','950-709-9908'),(296,'Vipe','799-575-0409','cmaffezzoli87@alibaba.com','575-905-2029'),(297,'Browseblab','110-617-9087','jfisby88@xrea.com','595-452-8675'),(298,'Fivespan','905-276-5186','acurry89@360.cn','750-301-9670'),(299,'Flashspan','703-659-3644','noram8a@sakura.ne.jp','300-282-3815'),(300,'Skinder','982-645-8752','aharries8b@shareasale.com','960-863-1885'),(301,'Yoveo','990-258-1806','msarll8c@bbc.co.uk','189-814-1360'),(302,'Myworks','204-166-2917','jbonallick8d@github.io','428-930-0672'),(303,'Photojam','454-313-8082','cdellenty8e@icq.com','566-725-9282'),(304,'Realmix','484-140-0359','jbraunle8f@paginegialle.it','968-589-2748'),(305,'Realblab','142-975-8364','cbannerman8g@comcast.net','618-333-0460'),(306,'Eamia','213-927-1142','pthaw8h@nifty.com','471-456-7164'),(307,'Meevee','277-365-3891','aambrosini8i@sphinn.com','446-551-9555'),(308,'Oyondu','432-616-1870','jmerrell8j@washingtonpost.com','725-807-3934'),(309,'Zoomdog','509-171-4950','kpawelek8k@about.com','287-717-9048'),(310,'Tavu','567-650-9519','hpurcell8l@amazon.com','510-729-7927'),(311,'Devbug','459-273-4055','iblondelle8m@devhub.com','972-194-1921'),(312,'Rhynyx','514-761-5763','gnunnery8n@friendfeed.com','884-616-8953'),(313,'Babbleopia','951-619-5420','arelf8o@slideshare.net','121-108-0132'),(314,'Tagfeed','504-594-0154','blademann8p@house.gov','122-407-8031'),(315,'Gigabox','691-982-6991','mbunten8q@soup.io','383-473-9121'),(316,'Demimbu','295-787-4599','flacoste8r@amazon.com','361-770-6182'),(317,'Brainlounge','131-193-3169','jzorzi8s@accuweather.com','877-219-9139'),(318,'Pixonyx','391-898-2068','outridge8t@mashable.com','996-840-9111'),(319,'Photojam','572-359-1437','smachan8u@mit.edu','858-773-0993'),(320,'Pixope','573-951-9504','tkender8v@rediff.com','678-169-2355'),(321,'Divanoodle','763-710-4246','watack8w@squidoo.com','930-455-9653'),(322,'Yakitri','206-112-5634','pcumber8x@tmall.com','842-748-4926'),(323,'Zoombeat','356-471-5171','mdinis8y@weebly.com','986-252-1123'),(324,'Quimm','133-762-7236','twellsman8z@icq.com','163-544-0340'),(325,'Realfire','225-512-8214','mbotham90@free.fr','412-894-6686'),(326,'Einti','363-107-3064','iobey91@cafepress.com','503-842-6909'),(327,'Viva','523-109-1673','eeyckel92@un.org','254-181-6745'),(328,'Kayveo','703-515-8465','cburrell93@ning.com','461-139-4103'),(329,'Quatz','918-359-1296','lcancutt94@abc.net.au','120-432-1008'),(330,'Zoombeat','594-488-1467','fbagguley95@digg.com','798-739-1722'),(331,'Gabvine','867-677-8242','mheart96@dagondesign.com','583-167-2307'),(332,'Trupe','306-180-6103','gstuttard97@dell.com','839-723-0655'),(333,'Skinix','361-339-5097','fwoodes98@bloomberg.com','595-518-1962'),(334,'Eidel','372-699-8640','gfranz99@sbwire.com','467-820-2056'),(335,'Feedfish','740-859-0989','bwoolhouse9a@eventbrite.com','955-221-4915'),(336,'Photofeed','928-197-2292','sousbie9b@infoseek.co.jp','979-547-3642'),(337,'Wikizz','458-839-6936','lbroxton9c@samsung.com','120-126-4533'),(338,'Twitternation','425-533-0528','bsutherley9d@usda.gov','721-381-9173'),(339,'Pixope','421-554-7400','hperree9e@deliciousdays.com','718-346-6387'),(340,'Dabvine','588-831-5880','blidell9f@macromedia.com','341-271-1773'),(341,'Devify','792-683-0569','tjoanic9g@mit.edu','679-975-9894'),(342,'Gigaclub','474-663-2969','ghawkey9h@storify.com','489-141-6543'),(343,'Mynte','166-739-8282','drosander9i@globo.com','813-830-6758'),(344,'Brainlounge','636-722-3545','dmctavy9j@wisc.edu','876-108-0295'),(345,'Vidoo','329-825-5504','afilasov9k@networksolutions.com','416-995-5771'),(346,'Zoomzone','437-374-2531','oterran9l@cam.ac.uk','262-550-1232'),(347,'Realbridge','955-144-3598','lmccallister9m@mapquest.com','647-746-2918'),(348,'Centimia','564-702-9261','agoudy9n@forbes.com','581-718-9347'),(349,'Omba','339-386-0547','bcreggan9o@altervista.org','949-401-9206'),(350,'Twitterwire','160-148-8928','pneggrini9p@yandex.ru','337-486-9693'),(351,'Oodoo','179-127-9533','etreanor9q@ovh.net','692-492-2428'),(352,'Thoughtworks','298-762-1856','lwaleworke9r@hatena.ne.jp','631-758-1807'),(353,'Demizz','197-498-9411','pgerram9s@trellian.com','189-127-2493'),(354,'Demizz','447-540-3036','cpirozzi9t@aboutads.info','741-643-4578'),(355,'Tagpad','775-993-0247','wcressy9u@businessweek.com','162-256-5479'),(356,'Edgetag','896-475-2923','gbraycotton9v@examiner.com','567-279-9581'),(357,'Talane','988-778-8395','sochterlony9w@wufoo.com','853-385-4154'),(358,'Wordpedia','445-217-0101','fhaylock9x@surveymonkey.com','916-531-4907'),(359,'Kwimbee','102-331-1023','vpanner9y@google.com.au','371-611-3928'),(360,'Jaxworks','947-422-7729','mratnege9z@macromedia.com','105-121-7627'),(361,'Flipbug','795-903-2892','jquinnella0@pen.io','644-687-4330'),(362,'Trudeo','970-945-5615','vlabdona1@cnet.com','454-904-4744'),(363,'Browsecat','979-874-2478','bpasqualea2@upenn.edu','922-571-9080'),(364,'Kazio','111-774-7294','shattricka3@xrea.com','984-720-8760'),(365,'Riffpath','567-448-3061','eelieza4@independent.co.uk','608-220-9596'),(366,'Kaymbo','775-338-5522','lburdgea5@berkeley.edu','229-622-5375'),(367,'Realbridge','983-442-5346','hfarressa6@imdb.com','786-382-8695'),(368,'Twitterbeat','698-416-2041','bhellmera7@ask.com','747-735-2012'),(369,'Vidoo','166-626-6684','bhavershama8@comsenz.com','832-969-2762'),(370,'Topdrive','129-711-9227','vmencia9@weibo.com','306-332-7625'),(371,'Edgeclub','686-701-6102','lsandyaa@odnoklassniki.ru','714-302-3567'),(372,'Oyope','576-671-6109','cpippingab@icio.us','293-645-0511'),(373,'Meedoo','922-660-1110','mtregeaac@yellowpages.com','251-506-4509'),(374,'Wikido','394-317-8809','mshackelad@skype.com','545-165-3798'),(375,'Rhyloo','671-336-0633','poverlowae@twitpic.com','890-239-4363'),(376,'Roodel','790-229-6355','steesdaleaf@paypal.com','171-783-1929'),(377,'Jabbersphere','110-286-5000','amahaddieag@desdev.cn','262-551-0849'),(378,'Tekfly','436-152-2236','apittawayah@networkadvertising.org','447-897-9093'),(379,'Mynte','601-428-9768','ztamplingai@mtv.com','663-569-7455'),(380,'Meemm','816-329-0207','clebarreeaj@umich.edu','197-335-1664'),(381,'Yombu','743-938-6780','arudgerdak@google.it','994-753-4808'),(382,'Skinix','418-521-0388','bsweetmoreal@pbs.org','622-378-7631'),(383,'Yacero','785-279-3949','rdoyam@blogtalkradio.com','116-799-9811'),(384,'Zoomdog','765-494-4204','mquilkinan@mediafire.com','397-901-2754'),(385,'Oyope','426-823-2766','rtapsellao@canalblog.com','354-614-7724'),(386,'Oyoloo','735-198-1569','kdudingap@gmpg.org','916-480-0935'),(387,'Latz','478-405-9635','zcanferaq@cafepress.com','735-840-5328'),(388,'Edgeify','616-590-5832','wbridgewaterar@bandcamp.com','483-735-8441'),(389,'Bubbletube','800-362-6849','gbeamondas@ebay.co.uk','695-237-8499'),(390,'Skyble','640-805-7557','cwindleyat@intel.com','499-448-2940'),(391,'Vipe','448-357-1747','hindgsau@dropbox.com','854-520-9528'),(392,'Jabberbean','479-704-0970','gbagnallav@bandcamp.com','788-613-8965'),(393,'Twinder','671-837-1174','rdarnbroughaw@amazon.de','733-285-6329'),(394,'Ntags','935-253-7635','rleneyax@wunderground.com','322-174-2408'),(395,'Oozz','531-995-7750','mmalamoreay@uol.com.br','380-454-7118'),(396,'Skimia','274-825-6393','lwheelikeraz@1688.com','448-520-5851'),(397,'Shufflebeat','438-380-7707','pvereganb0@behance.net','362-256-6233'),(398,'Trilith','928-548-1004','mplacstoneb1@pbs.org','175-904-2741'),(399,'Fliptune','911-342-1703','ghackeyb2@loc.gov','149-819-4853'),(400,'Thoughtstorm','399-514-3471','dwisdishb3@umn.edu','338-734-7357'),(401,'Twitterworks','814-623-8462','pmcdonaghb4@reverbnation.com','854-262-5843'),(402,'Linktype','617-284-1680','kmaggillandreisb5@amazonaws.com','662-261-5719'),(403,'Yodel','412-862-5186','pstanierb6@infoseek.co.jp','148-540-2685'),(404,'BlogXS','405-206-9892','eperkinsb7@google.it','260-860-2990'),(405,'Tanoodle','431-832-4467','cstraffordb8@baidu.com','704-570-6783'),(406,'Zava','852-489-4871','ilamlinb9@archive.org','430-680-7824'),(407,'Podcat','463-289-4065','pgonnardba@businessweek.com','354-438-6448'),(408,'Zoonoodle','962-222-8913','mmatessianbb@amazon.co.uk','803-712-4955'),(409,'Yamia','479-925-1869','dpaolettobc@webeden.co.uk','759-765-5553'),(410,'Dazzlesphere','605-443-6293','sellsonbd@studiopress.com','657-546-5502'),(411,'Fiveclub','478-597-0375','fwadlowbe@exblog.jp','133-229-1816'),(412,'Zoomzone','187-992-4396','kgriswaitebf@wikimedia.org','980-214-3631'),(413,'Eamia','570-599-6988','gkimbellbg@geocities.com','167-429-1549'),(414,'Livepath','894-813-8915','fgilstounbh@usda.gov','961-633-3299'),(415,'Fivechat','653-751-3447','kdearnaleybi@gov.uk','426-233-4528'),(416,'Blogtags','160-676-0961','csalvadoribj@constantcontact.com','839-773-0507'),(417,'Kwinu','173-785-0421','cfitzroybk@dot.gov','296-244-4458'),(418,'Jabbercube','343-693-0395','bjoseferbl@pcworld.com','649-920-5114'),(419,'Jazzy','608-996-5068','uhoulsonbm@behance.net','390-703-4154'),(420,'Skynoodle','562-547-5856','rginleybn@tinypic.com','688-316-1690'),(421,'Shufflebeat','775-676-2547','vkellickbo@ning.com','801-614-1596'),(422,'Realcube','780-457-2019','jentreisbp@icio.us','624-392-7330'),(423,'Babblestorm','126-519-1100','bstertebq@wired.com','258-885-5928'),(424,'Twitterworks','778-710-4430','tsammutbr@tripadvisor.com','756-691-4174'),(425,'Devify','810-544-9404','kkellertbs@columbia.edu','735-236-2662'),(426,'Pixope','642-922-8498','stebbitbt@qq.com','266-622-7429'),(427,'Babblestorm','539-287-7422','amccreadybu@prlog.org','123-577-4389'),(428,'Talane','743-454-1342','gnarrawaybv@storify.com','448-534-4685'),(429,'JumpXS','248-235-8026','cfoxtenbw@wired.com','199-726-0583'),(430,'Rooxo','819-576-7997','awithringtenbx@usatoday.com','619-501-7834'),(431,'Riffpedia','289-806-5485','eripponby@edublogs.org','962-168-9308'),(432,'Avamba','693-642-9834','mrathmellbz@bizjournals.com','114-530-6063'),(433,'Pixope','196-377-4321','akupperc0@mashable.com','419-842-0926'),(434,'Realpoint','913-881-1250','cvonhelmholtzc1@ehow.com','329-359-4194'),(435,'Roodel','956-831-2962','cbaggotc2@imdb.com','729-442-1610'),(436,'Browseblab','236-866-0549','apedrocchic3@nationalgeographic.com','281-597-8171'),(437,'Skajo','608-741-8096','welgoodc4@github.com','702-540-1324'),(438,'Vitz','502-170-5693','omcsharryc5@theguardian.com','613-760-6722'),(439,'Edgetag','797-315-5687','pbaglanc6@dedecms.com','150-669-9938'),(440,'Edgeify','536-385-8083','jcuseckc7@ucoz.com','263-180-2442'),(441,'Edgeblab','997-531-6261','tlarwoodc8@patch.com','583-141-8261'),(442,'Feedbug','686-769-8549','grissomc9@wufoo.com','591-938-6565'),(443,'Gevee','624-717-6311','rlangmaidca@domainmarket.com','493-274-3454'),(444,'Skiba','911-346-8475','kscarsecb@narod.ru','842-553-9539'),(445,'Yodo','178-464-0040','cbritoncc@twitpic.com','783-911-6508'),(446,'Twimm','665-470-5610','cburnupcd@nsw.gov.au','288-371-1434'),(447,'Skajo','225-347-5550','gbambce@ycombinator.com','628-153-1115'),(448,'Blognation','853-809-8606','jfurmstoncf@thetimes.co.uk','441-452-9284'),(449,'Wikivu','254-223-2878','bheistermanncg@youtube.com','200-999-0545'),(450,'Wordpedia','506-354-1433','hstevensch@flavors.me','151-564-9226'),(451,'Livepath','453-335-9944','agraberci@hhs.gov','122-609-4923'),(452,'Wikibox','673-474-6528','hcashcj@amazon.co.uk','821-586-0221'),(453,'Skimia','878-686-3095','lbottrillck@psu.edu','939-254-4853'),(454,'Skimia','149-206-3470','sgladwishcl@pbs.org','893-526-2105'),(455,'Kwimbee','408-995-1934','jflorescm@archive.org','846-823-4136'),(456,'Tazzy','413-481-2923','tridulfocn@a8.net','252-358-4650'),(457,'Jaxspan','277-397-1054','cleslieco@imageshack.us','645-674-7417'),(458,'Izio','478-510-1604','ddaincp@icq.com','730-141-1047'),(459,'Gigashots','536-503-2743','jtremethackcq@desdev.cn','363-919-8355'),(460,'Aibox','312-740-3974','dsaylorcr@twitpic.com','231-684-0602'),(461,'Eamia','260-758-6067','dabadecs@gnu.org','882-725-6900'),(462,'Youfeed','602-515-0234','mwadect@dedecms.com','842-106-7318'),(463,'Topicstorm','921-708-9627','sdilkescu@deviantart.com','491-741-2688'),(464,'Realcube','208-687-9090','mdenisocv@sun.com','139-256-2210'),(465,'Tagopia','921-346-9171','sschopscw@hhs.gov','390-912-1141'),(466,'Thoughtblab','198-303-7916','jboakcx@unicef.org','553-265-8445'),(467,'Buzzbean','404-169-2400','sferreirocy@cocolog-nifty.com','390-935-9346'),(468,'Roodel','249-676-3091','ljoyescz@ed.gov','831-666-9810'),(469,'Gabspot','530-146-8243','pharridayd0@independent.co.uk','963-592-3795'),(470,'Gigabox','931-344-5955','rcommond1@unesco.org','709-378-6217'),(471,'Zooveo','926-378-3607','rvolkd2@cafepress.com','263-551-2621'),(472,'Browseblab','208-783-0454','hthurstand3@pcworld.com','272-837-6291'),(473,'Zoozzy','964-811-9506','gcaslind4@tripadvisor.com','666-544-8248'),(474,'Vidoo','168-260-0349','sputnamd5@amazon.com','397-755-6800'),(475,'Dabshots','636-200-3616','ituttled6@google.pl','258-928-3367'),(476,'Zoonder','434-995-9828','jhenzleyd7@hao123.com','724-974-6877'),(477,'Meedoo','115-926-6491','dmarlandd8@bizjournals.com','322-489-6237'),(478,'Vimbo','168-346-3759','gcommuccid9@zdnet.com','324-512-4205'),(479,'Feedspan','397-314-2189','mlosanoda@google.com','644-599-6771'),(480,'Yotz','411-802-2402','sjusthamdb@cmu.edu','630-959-9621'),(481,'Vimbo','304-694-6831','mkielydc@hostgator.com','363-816-0903'),(482,'Eamia','744-506-9748','lwarrydd@go.com','753-680-8759'),(483,'Einti','628-960-3620','hheapde@pbs.org','814-847-8295'),(484,'Ntags','326-791-9732','gmcinteerdf@google.de','942-916-3963'),(485,'Realcube','699-975-9361','kdantondg@blogs.com','149-904-5684'),(486,'Realpoint','523-884-3225','wmerrisondh@smh.com.au','869-315-0240'),(487,'Skimia','798-248-8537','mblagbroughdi@mail.ru','968-969-6158'),(488,'Aibox','893-532-6396','mstedelldj@cnn.com','336-872-2016'),(489,'Photojam','624-315-1278','alegisterdk@networksolutions.com','997-564-5643'),(490,'Flashpoint','235-141-4732','zgouldingdl@ow.ly','964-143-9583'),(491,'Blogspan','333-798-8848','aorsdm@rakuten.co.jp','345-639-8234'),(492,'Oozz','276-887-0060','bsagerdn@howstuffworks.com','669-725-1269'),(493,'Chatterpoint','323-853-0832','blearoyddo@buzzfeed.com','780-344-3844'),(494,'Skibox','978-577-0629','psydneydp@weibo.com','263-874-9042'),(495,'Flashpoint','127-334-2844','ltertredq@cocolog-nifty.com','815-565-5956'),(496,'Skajo','428-852-4097','dkeenleysidedr@narod.ru','426-442-7447'),(497,'Oyonder','395-683-7056','ewarnds@vkontakte.ru','424-484-9255'),(498,'Twinder','720-985-2405','lcabenadt@tiny.cc','483-180-9613'),(499,'Babbleblab','710-706-4882','kmccaughendu@wp.com','361-974-4313'),(500,'Jetpulse','302-137-9661','jcliburndv@wp.com','307-205-3258');
/*!40000 ALTER TABLE `brokers` ENABLE KEYS */;
UNLOCK TABLES;

--
-- Table structure for table `drivers`
--

DROP TABLE IF EXISTS `drivers`;
/*!40101 SET @saved_cs_client     = @@character_set_client */;
 SET character_set_client = utf8mb4 ;
CREATE TABLE `drivers` (
  `id` int(11) NOT NULL AUTO_INCREMENT,
  `name` varchar(30) NOT NULL,
  `status` enum('Available','Not Available') NOT NULL DEFAULT 'Not Available',
  `price` float(4,2) NOT NULL,
  `phone` varchar(15) NOT NULL,
  `longitude` varchar(100) DEFAULT NULL,
  `latitude` varchar(100) DEFAULT NULL,
  `user_id` int(11) NOT NULL,
  `vehicle_id` int(11) NOT NULL,
  PRIMARY KEY (`id`),
  UNIQUE KEY `phone` (`phone`),
  KEY `user_id` (`user_id`),
  KEY `vehicle_id` (`vehicle_id`),
  CONSTRAINT `drivers_ibfk_1` FOREIGN KEY (`user_id`) REFERENCES `users` (`id`) ON UPDATE CASCADE,
  CONSTRAINT `drivers_ibfk_2` FOREIGN KEY (`vehicle_id`) REFERENCES `vehicles` (`id`) ON UPDATE CASCADE
) ENGINE=InnoDB AUTO_INCREMENT=11 DEFAULT CHARSET=utf8;
/*!40101 SET character_set_client = @saved_cs_client */;

--
-- Dumping data for table `drivers`
--

LOCK TABLES `drivers` WRITE;
/*!40000 ALTER TABLE `drivers` DISABLE KEYS */;
INSERT INTO `drivers` VALUES (1,'Kirill','Not Available',0.80,'0994006501','49.710366','40.5323093',2,1),(2,'Kirusha','Available',0.85,'0994006503','40.9436341','57.7758077',3,3),(3,'Kyrylo','Not Available',0.85,'0994006502','24.3935655','36.6914464',4,3),(4,'Kyrylo','Available',1.10,'0994006504','37.297136','48.1475145',5,8),(5,'Keriy','Available',1.05,'0994006505','-39.2617368','-12.9698503',6,7),(6,'Voditel','Not Available',1.00,'0994006506','25.1531057','52.7567887',7,1),(7,'Voditel1','Available',1.00,'0994006507','-7.9751886','40.4722617',8,5),(8,'Voditel2','Available',1.00,'0994006508','-113.4729375','53.09697',9,9),(9,'Voditel3','Not Available',1.00,'0994006509','-69.766667','-25.283333',10,9),(10,'Voditel4','Available',1.00,'0994006510','108.3979331','-7.6557879',11,9);
/*!40000 ALTER TABLE `drivers` ENABLE KEYS */;
UNLOCK TABLES;

--
-- Table structure for table `managers`
--

DROP TABLE IF EXISTS `managers`;
/*!40101 SET @saved_cs_client     = @@character_set_client */;
 SET character_set_client = utf8mb4 ;
CREATE TABLE `managers` (
  `id` int(11) NOT NULL AUTO_INCREMENT,
  `name` varchar(30) NOT NULL,
  `user_id` int(11) NOT NULL,
  PRIMARY KEY (`id`),
  KEY `user_id` (`user_id`),
  CONSTRAINT `managers_ibfk_1` FOREIGN KEY (`user_id`) REFERENCES `users` (`id`) ON UPDATE CASCADE
) ENGINE=InnoDB AUTO_INCREMENT=13 DEFAULT CHARSET=utf8;
/*!40101 SET character_set_client = @saved_cs_client */;

--
-- Dumping data for table `managers`
--

LOCK TABLES `managers` WRITE;
/*!40000 ALTER TABLE `managers` DISABLE KEYS */;
INSERT INTO `managers` VALUES (1,'Victor',13),(2,'Vitya',14),(3,'Vitek',15),(4,'Manager1',16),(5,'Manager2',17),(6,'Manager3',18),(7,'Manager4',19),(8,'Manager5',20),(9,'Manager6',21),(10,'Manager7',22),(11,'Manager8',23),(12,'Test',36);
/*!40000 ALTER TABLE `managers` ENABLE KEYS */;
UNLOCK TABLES;

--
-- Table structure for table `orders`
--

DROP TABLE IF EXISTS `orders`;
/*!40101 SET @saved_cs_client     = @@character_set_client */;
 SET character_set_client = utf8mb4 ;
CREATE TABLE `orders` (
  `id` int(11) NOT NULL AUTO_INCREMENT,
  `received` datetime NOT NULL DEFAULT CURRENT_TIMESTAMP,
  `pickup` varchar(100) NOT NULL,
  `pickup_longitude` varchar(100) DEFAULT NULL,
  `pickup_latitude` varchar(100) DEFAULT NULL,
  `deliver` varchar(100) NOT NULL,
  `deliver_longitude` varchar(100) DEFAULT NULL,
  `deliver_latitude` varchar(100) DEFAULT NULL,
  `price` float(7,2) NOT NULL,
  `air_miles` int(11) NOT NULL,
  `earth_miles` int(11) NOT NULL,
  `length` int(11) NOT NULL,
  `width` int(11) NOT NULL,
  `height` int(11) NOT NULL,
  `weight` int(11) NOT NULL,
  `pieces` int(11) NOT NULL DEFAULT '1',
  `broker_id` int(11) NOT NULL,
  PRIMARY KEY (`id`),
  KEY `broker_id` (`broker_id`),
  CONSTRAINT `orders_ibfk_1` FOREIGN KEY (`broker_id`) REFERENCES `brokers` (`id`) ON DELETE CASCADE ON UPDATE CASCADE
) ENGINE=InnoDB AUTO_INCREMENT=1001 DEFAULT CHARSET=utf8;
/*!40101 SET character_set_client = @saved_cs_client */;

--
-- Dumping data for table `orders`
--

LOCK TABLES `orders` WRITE;
/*!40000 ALTER TABLE `orders` DISABLE KEYS */;
INSERT INTO `orders` VALUES (1,'2020-01-18 00:00:00','Ibarra','-78.1222336','0.3391763','Tanahmerah','140.276147','-6.080007',107.10,544,677,381,151,247,1440,173,447),(2,'2019-10-19 00:00:00','Abiko','135.4162726','34.4921654','Ḩabbān','47.0802023','14.3545083',777.00,467,648,875,383,375,1750,112,490),(3,'2019-11-11 00:00:00','Mandalasari','107.8361732','-7.0186412','Hekou','103.93935','22.529403',886.80,486,308,882,165,39,2958,142,31),(4,'2019-12-19 00:00:00','Foz Sousa','-8.4901287','41.0909864','Gävle','17.14035','60.6755434',821.10,672,499,986,15,130,2877,50,103),(5,'2019-10-30 00:00:00','Likwatang Timur','124.668','-8.1649','Jabłoń','23.0876498','51.7248754',631.30,107,295,959,322,316,1960,214,6),(6,'2020-02-05 00:00:00','Vân Canh','108.9502232','13.674033','Windusakti Hilir','108.7231','-7.1554',429.30,757,520,772,63,54,4235,851,152),(7,'2019-11-30 00:00:00','Lysogorskaya','43.2768364','44.1034877','Ko Pha Ngan','99.9788481','9.7421342',544.70,695,835,709,172,328,2516,403,255),(8,'2019-09-09 00:00:00','Lijiang','100.22775','26.855047','Curry','124.8827037','11.7744786',744.50,230,231,546,333,362,2109,815,203),(9,'2019-10-07 00:00:00','Zhuangtou','117.295545','39.65688','Itapira','-46.8228622','-22.4363339',751.10,502,207,366,91,211,3160,117,100),(10,'2019-12-16 00:00:00','Beidajie','108.9469437','34.2698909','Hwaseong-si','126.8311887','37.1994932',629.30,776,197,542,215,107,3825,393,304),(11,'2019-09-06 00:00:00','Sørvágur','-7.3009701','62.0672192','Chaparral','-75.483979','3.723827',559.10,405,436,539,182,179,182,394,226),(12,'2019-12-03 00:00:00','Granadero Baigorria','-58.8651373','-34.6317414','Tegalsari','114.118103','-8.401854',616.60,758,230,184,368,123,2305,483,190),(13,'2019-11-03 00:00:00','Kwangyang','127.6958882','34.9406968','Hanyin Chengguanzhen','108.492371','32.897014',132.30,107,585,232,183,96,1708,800,384),(14,'2019-10-13 00:00:00','Belgorod','36.8469573','50.4534011','Peristerá','23.1657758','40.5495165',873.60,603,236,110,380,315,2539,552,113),(15,'2020-01-10 00:00:00','Cisalakdesa','107.7517775','-6.7686246','Il’inskiy Pogost','38.90906','55.47785',229.70,678,999,60,335,182,4412,250,114),(16,'2020-01-15 00:00:00','Sykiés','22.9565995','40.6485476','Syamzha','41.0711197','60.0203894',181.10,399,961,345,321,25,4496,852,429),(17,'2019-09-03 00:00:00','Chetian','113.8853373','22.5805725','Bolo','120.7961471','18.5344284',620.40,405,873,705,284,90,2000,552,400),(18,'2019-09-01 00:00:00','Dikirnis','31.6511258','31.060387','Hedaru','37.9122236','-4.50345',415.80,785,564,689,313,27,3211,219,143),(19,'2020-01-20 00:00:00','Zhongxi','114.1237079','22.5346419','Caoping','110.450325','25.05732',230.40,584,438,218,373,52,3664,1,127),(20,'2020-01-10 00:00:00','Cumadcad','123.7830057','12.9785941','Xiayang','113.778639','26.480043',968.00,496,802,112,364,229,1988,397,84),(21,'2019-09-06 00:00:00','Jembayan Hitam','106.8679827','-6.2176613','Paço','-8.8458421','41.80088',273.30,238,213,186,377,119,1888,545,46),(22,'2020-01-14 00:00:00','Schieren','6.1555655','49.8054141','Balogo','123.6886104','13.8811133',205.40,644,837,55,387,99,598,637,166),(23,'2019-10-13 00:00:00','Medvedevo','47.8109854','56.6338771','Mandaue City','123.933309','10.334895',379.80,370,700,641,213,178,4070,354,140),(24,'2019-12-30 00:00:00','Cill Airne','-6.2890702','53.3201497','Beaumont','-113.4153735','53.3524256',590.10,769,104,171,304,400,2401,580,414),(25,'2020-01-01 00:00:00','Villavicencio','-73.5829689','4.0416578','Yinghai','116.452296','39.756206',73.80,391,621,845,148,32,1578,826,443),(26,'2019-09-27 00:00:00','Vännäs','19.7606455','63.9043836','Aix-en-Provence','5.4044268','43.5963366',111.60,703,675,340,15,14,320,701,124),(27,'2019-12-12 00:00:00','San Antonio de los Baños','-82.5050529','22.8929945','Hällefors','14.5276579','59.7714743',175.30,487,251,443,261,279,4100,715,264),(28,'2019-11-06 00:00:00','Battle Creek','-85.1872878','42.319384','Yuyangguan','111.0765','30.172782',151.20,110,258,214,269,248,3297,420,180),(29,'2019-09-17 00:00:00','Daur','68.3132182','26.4486465','Thị Trấn Mường Lát','104.5917494','20.5200611',770.20,391,876,472,264,126,3888,54,477),(30,'2019-12-06 00:00:00','Bacungan','120.3435365','16.4336105','Sagarejo','45.3350791','41.725392',444.20,770,189,806,366,275,2083,933,125),(31,'2019-12-20 00:00:00','Mary','61.8643252','37.6092461','Raoyang','115.725833','38.235892',590.50,662,416,617,54,40,861,789,161),(32,'2020-02-19 00:00:00','Novi Bilokorovychi','28.0490173','51.1134675','Sangzhen','108.355232','34.262709',808.30,633,227,846,168,21,1250,181,382),(33,'2020-02-20 00:00:00','Youdian','113.253787','23.1456682','Lincha','-75.666667','-12.8',428.00,551,358,627,64,104,2896,855,282),(34,'2020-01-17 00:00:00','Achiaman','-0.3301342','5.6956728','Tonj','28.678979','7.2675115',252.90,273,295,128,239,381,3376,428,225),(35,'2020-01-21 00:00:00','Guruafin','127.43402','0.10144','Bulung’ur','67.2728697','39.7573054',683.60,194,768,276,353,111,911,760,458),(36,'2019-12-27 00:00:00','Simrishamn','13.9636888','55.5446591','Sanhui','112.896606','23.156045',124.50,200,104,547,257,64,4085,160,87),(37,'2019-12-20 00:00:00','Konispol','20.1789757','39.6611469','Palencia','-90.357','14.6698',355.00,767,181,642,100,248,594,635,291),(38,'2019-09-18 00:00:00','Boguchwała','21.9314509','49.997292','Jakubowice Murowane','22.636336','51.2688569',852.10,604,495,834,28,17,120,668,109),(39,'2020-02-16 00:00:00','Ocala','-82.116955','29.2434976','Turmus‘ayyā','35.288375','32.032726',689.60,538,754,549,200,45,3844,847,15),(40,'2020-01-03 00:00:00','Vila Nova','-8.4723108','37.106326','Angol','-72.7038047','-37.8060734',889.20,518,755,90,35,35,200,834,45),(41,'2019-12-25 00:00:00','Tangnanzhen','116.144136','28.654639','Xingxi','104.0663422','30.7016468',567.00,130,350,579,266,125,1453,357,13),(42,'2020-01-24 00:00:00','San Roque','124.870243','12.532252','Shangyuan','116.336069','27.522069',210.10,565,633,390,248,285,3804,2,303),(43,'2019-12-23 00:00:00','Tulay','121.0143656','14.5788472','Ágios Athanásios','22.7279233','40.7165064',543.40,163,901,826,75,284,4751,783,123),(44,'2019-09-23 00:00:00','Nggalak','120.3031871','-8.3910094','Kuangyuan','105.843357','32.435435',264.30,413,859,808,381,314,1727,33,208),(45,'2019-11-23 00:00:00','Growong Kidul','111.1682495','-6.6664588','Washington','-77.04','38.9',848.90,518,389,460,292,349,2552,229,138),(46,'2019-11-01 00:00:00','Birnin Kebbi','4.1956212','12.4317585','Capatárida','-70.620384','11.171783',680.90,799,859,357,173,163,3110,491,32),(47,'2020-02-21 00:00:00','Nonohonis','124.2810541','-9.8446717','La Libertad','123.533832','8.519857',424.50,432,742,693,252,251,635,473,336),(48,'2020-02-18 00:00:00','San Isidro','126.065213','9.939624','Kyzyldzhar','59.1027912','43.5741222',792.30,301,415,130,225,294,4330,888,459),(49,'2019-11-21 00:00:00','Banga','124.789568','6.382615','Gurinai','101.0602341','41.9575515',338.60,132,261,498,395,87,2447,316,272),(50,'2019-12-06 00:00:00','Srono','114.261299','-8.399762','Dili','125.5603143','-8.5568557',419.90,173,762,386,377,166,3908,737,278),(51,'2019-12-15 00:00:00','Buliok','124.720103','7.073684','Březová nad Svitavou','16.5117461','49.6542555',741.60,669,496,818,91,168,3188,739,498),(52,'2020-01-16 00:00:00','Prażmów','20.9469662','51.9870165','Bayt Ūlā','35.026375','31.598422',477.90,610,641,998,54,140,2826,373,60),(53,'2020-01-27 00:00:00','Pensacola','-87.193563','30.475663','Jinsha','104.011664','30.679359',214.00,721,899,778,97,224,4503,374,322),(54,'2019-09-07 00:00:00','Kaiyuan','103.267142','23.714316','Melgar','-74.643383','4.203572',597.30,203,320,23,76,358,3210,677,463),(55,'2019-09-18 00:00:00','Yangying','118.674614','37.433963','Ivry-sur-Seine','2.394771','48.819324',964.00,706,527,711,366,269,1421,244,307),(56,'2019-12-11 00:00:00','Mbongawani','121.6468481','-8.8479584','Huatai','109.655804','31.302134',719.10,719,868,443,399,327,636,744,112),(57,'2019-09-25 00:00:00','Mandalay','96.0891032','21.9588282','Makueni','37.6311071','-1.7864953',438.30,435,795,659,113,275,853,961,467),(58,'2019-10-15 00:00:00','Maqian','90.21512','31.644875','Āgaro','36.5823944','7.8570335',617.50,151,896,59,195,32,711,51,153),(59,'2019-11-20 00:00:00','Kasturi','108.3534306','-7.0148687','Wanmingang','109.927743','29.402881',558.80,127,980,450,133,165,4398,120,325),(60,'2020-02-16 00:00:00','Lucheng','113.228852','36.334104','Shuangxiqiao','110.637506','29.020827',647.90,234,461,247,26,214,4629,629,89),(61,'2020-02-22 00:00:00','Chishui','105.697472','28.590337','Shengshan','121.329456','30.233195',540.60,415,285,556,357,70,3977,519,64),(62,'2019-11-02 00:00:00','Karelichy','26.1406893','53.5666638','Mpulungu','31.1166193','-8.772507',708.70,214,614,133,105,144,377,380,338),(63,'2019-10-05 00:00:00','Zhongling','116.483259','28.435584','El Mirador','-99.1825465','19.268942',526.40,730,242,818,217,80,145,750,466),(64,'2019-10-02 00:00:00','Villa Florida','-57.1154122','-26.4105245','Baluk','114.5806885','-8.3568079',297.00,475,269,11,146,168,43,766,141),(65,'2019-11-22 00:00:00','Canaries','-61.0667869','13.9047039','Wolometang','122.5971','-8.5873',757.80,619,215,152,147,297,3021,962,455),(66,'2019-10-03 00:00:00','Izhmorskiy','86.6235938','56.1966377','President Roxas','125.05806','7.160227',731.40,291,711,42,215,286,770,836,153),(67,'2019-12-15 00:00:00','Melchor de Mencos','-89.151003','17.057356','Dzüyl','103.5184746','46.7593351',436.30,757,257,537,242,127,1270,63,188),(68,'2019-10-01 00:00:00','Wuhu','118.432941','31.352859','Ban Kruat','103.1008409','14.419531',136.40,118,968,899,234,355,1999,384,156),(69,'2019-09-08 00:00:00','Fort Worth','-97.4508426','32.7311729','Kebonan','110.6422198','-7.355927',783.40,532,768,468,374,107,467,621,145),(70,'2020-01-31 00:00:00','Nsukka','7.3732655','6.8429422','Klagenfurt am Wörthersee','14.2652932','46.5884132',266.30,622,895,228,120,134,3160,54,5),(71,'2019-10-01 00:00:00','Sandakan','118.0570561','5.84561','Alingsås','12.544198','57.9244338',616.00,152,759,356,264,299,4583,209,346),(72,'2019-12-25 00:00:00','Phu Kradueng','101.7523854','16.9023422','Nakhon Pathom','100.0601382','13.81967',564.10,142,589,775,395,171,2128,112,272),(73,'2019-11-18 00:00:00','Yaurisque','-71.925346','-13.67337','Sionogan','120.94861','6.00528',825.10,280,172,266,310,263,2623,779,154),(74,'2019-11-03 00:00:00','Phú Thái','105.8215718','21.5743109','Tomepampa','-72.8308692','-15.1709148',407.20,160,433,489,138,286,940,522,149),(75,'2019-09-27 00:00:00','El Salitre','-101.5027855','20.0980577','Sasnovy Bor','29.5970434','52.5177754',250.60,680,304,101,397,225,4671,686,475),(76,'2020-02-20 00:00:00','Uyugan','121.1597568','13.988942','Borūjerd','48.767033','33.8941993',706.90,507,448,465,298,170,3420,47,432),(77,'2020-01-25 00:00:00','Cintra','-64.2951643','-31.3350093','Irati','-52.8955875','-26.6246782',93.40,339,356,382,104,333,2293,949,138),(78,'2019-10-16 00:00:00','Sumoto','134.9171616','34.440727','Binafun','124.0251538','-9.6635623',760.30,548,984,567,21,338,3473,135,477),(79,'2019-09-24 00:00:00','Lindavista','-99.1324282','19.5037694','Stockholm','18.0638221','59.3433282',290.40,526,219,759,35,88,1752,830,488),(80,'2019-12-27 00:00:00','Kawengan','111.4782661','-6.944465','Yujing','-117.0553896','32.5741081',18.50,703,295,90,35,35,200,517,16),(81,'2019-09-03 00:00:00','Linjiang','126.918087','41.811979','Petrovo-Dal’neye','37.1754993','55.7498774',196.30,670,952,548,141,300,4103,359,478),(82,'2019-10-19 00:00:00','Yunlong','117.251076','34.253164','Ferreiros','-8.3575438','41.6188726',707.50,647,689,38,223,111,1008,991,56),(83,'2019-11-10 00:00:00','Tambaú','-47.27079','-21.7034017','Albanel','-72.4404412','48.882433',174.00,200,481,868,22,280,2718,662,172),(84,'2019-11-03 00:00:00','Velasco Ibarra','-79.6333674','-1.0460477','Bagnolet','2.5726619','45.494149',106.10,101,476,963,152,399,2954,813,20),(85,'2019-11-19 00:00:00','Kombandaru','121.6029824','-8.7876456','Svalöv','13.0879461','55.9128355',347.40,726,659,959,330,85,3859,414,235),(86,'2019-10-01 00:00:00','Sanquan','116.4689261','39.9474817','Beni Khiar','10.7830826','36.4596214',516.90,293,721,516,166,289,2089,624,123),(87,'2019-10-12 00:00:00','Al Qanāyāt','31.4620967','30.6183919','Velikiy Ustyug','46.4179523','60.7099757',184.10,169,819,488,284,169,1625,358,246),(88,'2019-09-29 00:00:00','Kwale','6.4343621','5.7098271','Semboropasar','113.4469459','-8.2103859',582.10,486,361,248,390,222,3642,9,237),(89,'2019-12-08 00:00:00','Haguimit','125.7230302','7.0649018','Tukums','23.15319','56.969664',454.60,502,322,663,180,164,251,581,91),(90,'2019-12-01 00:00:00','Al Qurḩ','51.48333','16.73333','Bang Pa-in','100.5749629','14.1999624',790.00,609,450,265,261,342,3856,948,329),(91,'2019-12-14 00:00:00','Punkalaidun','23.0468306','61.127495','Mosjøen','13.2106011','65.8375549',879.10,688,702,333,89,104,503,605,212),(92,'2020-01-07 00:00:00','Arras','2.7425682','50.2837307','Fatufaun','124.3173','-9.5517',712.50,129,987,40,149,281,2288,510,31),(93,'2019-12-19 00:00:00','Thị Trấn Nước Hai','106.1536828','22.7370366','Kuzhu','117.980053','26.982106',459.50,544,749,427,287,54,2043,128,53),(94,'2020-02-25 00:00:00','Suyang','115.814504','32.890479','Cikoneng','105.8936224','-6.0776348',559.70,115,977,416,229,177,3163,912,59),(95,'2019-10-14 00:00:00','Morropón','-80.1657463','-5.0980884','Terre Haute','-87.3478243','39.4596137',823.20,101,992,83,107,143,1968,811,209),(96,'2019-09-15 00:00:00','Isesaki','139.9802454','36.4257359','Srubec','14.5413068','48.9480609',766.20,678,373,375,69,267,3610,25,440),(97,'2019-10-01 00:00:00','Vila Verde','-8.2995005','41.1850062','Oesapa','123.6539405','-10.1496705',474.00,280,254,474,349,37,1608,522,380),(98,'2020-02-08 00:00:00','Sankwia','-15.5225259','13.460657','Cama Juan','120.8000031','15.3833332',835.50,360,188,125,103,295,231,327,30),(99,'2020-01-23 00:00:00','Gulod','121.0413488','14.7172639','Onsala','11.947834','57.4293806',127.80,193,352,93,172,324,1317,280,172),(100,'2019-12-24 00:00:00','Yuli','10.1941399','9.7031412','Primorskiy','38.1368927','44.4990862',532.90,570,964,962,154,138,4316,574,64),(101,'2019-10-17 00:00:00','Yanshang','117.230602','38.058088','Baiyangwan','120.547358','31.363344',675.20,498,584,322,244,366,4117,410,114),(102,'2020-01-10 00:00:00','Mississauga','-79.7119419','43.6368159','Zhendong','120.227624','34.137139',317.90,182,961,814,372,57,2538,383,148),(103,'2019-09-01 00:00:00','Sanshilipu','116.090605','36.853122','Ribaldeira','-9.193864','39.0427929',28.70,139,687,529,335,217,1420,61,17),(104,'2020-02-14 00:00:00','Vila Franca da Beira','-7.8667708','40.4375447','Kilinochchi','80.3887117','9.4015239',498.00,145,321,301,62,389,2531,807,494),(105,'2019-09-12 00:00:00','Orós','-38.9459326','-6.2401676','Kura','8.4239055','11.7701438',32.60,517,270,998,187,375,1353,543,57),(106,'2019-10-11 00:00:00','Gllogjan','20.3599254','42.5064293','Luksuhin','121.1729455','13.8195176',787.80,422,307,788,46,41,1860,684,373),(107,'2020-01-19 00:00:00','Sutton','-73.5312291','45.3710038','Las Tunas','-76.9527836','20.957938',408.30,129,651,726,305,114,3540,740,218),(108,'2020-02-12 00:00:00','Ujae','165.76416','8.93218','Sumuragung','111.9969626','-7.1665502',784.70,256,290,801,181,337,3755,647,177),(109,'2019-12-16 00:00:00','Căuşeni','28.8716267','46.9962539','Grebenskaya','46.3741404','43.531892',718.60,234,844,748,72,312,3758,900,406),(110,'2019-09-07 00:00:00','Luyang','117.26467','31.878735','Shixian','112.986397','28.189633',876.70,708,309,229,28,174,2473,290,210),(111,'2020-01-14 00:00:00','Longzhouwan','106.543713','29.407391','Xinwan','112.320499','28.926001',43.60,300,114,804,265,140,2568,263,476),(112,'2019-11-08 00:00:00','Calçada','-8.1456405','41.340135','Guaranésia','-46.7865516','-21.2352558',618.40,496,428,769,248,330,3574,687,234),(113,'2019-11-14 00:00:00','Casais de Revelhos','-8.1826858','39.5075851','Cigemlong','106.1698563','-6.7425823',197.40,206,825,276,63,156,2495,490,330),(114,'2019-09-25 00:00:00','Tielong','123.726035','42.223828','Dongyuan','114.74638','23.788392',642.90,173,548,300,315,283,2308,453,78),(115,'2019-11-14 00:00:00','Lameira','-8.6240851','41.7811503','Konggar','90.98708','29.29389',176.80,358,649,968,282,298,2050,997,329),(116,'2020-01-22 00:00:00','Belomorsk','34.7710761','64.5281061','Biga','-95.5491595','29.8867765',389.60,546,381,37,191,14,3797,204,285),(117,'2019-12-16 00:00:00','Pigí','24.5719605','35.3606523','St. Catharines','-79.2056361','43.1508732',493.60,260,840,678,197,392,3865,481,330),(118,'2019-11-26 00:00:00','Mérignac','-2.0532343','47.9544744','Vidnoye','37.7673912','55.5807611',478.30,508,392,1000,160,366,4253,262,352),(119,'2020-01-07 00:00:00','Camaquã','-51.8048311','-30.8493976','Banqiao','118.663681','31.922974',565.60,766,499,626,272,97,2953,843,486),(120,'2019-12-31 00:00:00','Gizo','156.8349986','-8.1058258','Chaiwan','114.2360778','22.2678103',739.90,477,938,90,35,35,200,807,380),(121,'2019-12-26 00:00:00','Kipini','40.529246','-2.5265605','Roermond','6.0187806','51.1806274',734.70,355,492,925,198,78,4077,632,193),(122,'2019-11-12 00:00:00','Huité','-89.7161012','14.9269532','Palmas','-48.3242858','-10.249091',716.30,591,242,347,281,365,4294,113,286),(123,'2019-10-11 00:00:00','Dibba Al-Hisn','56.2733747','25.6181943','Arraga','-60.7891909','-37.5407812',209.80,354,831,254,358,118,4854,631,5),(124,'2019-12-31 00:00:00','Belén de Escobar','-58.7896017','-34.3306245','Siqu','108.342379','28.668504',42.20,776,670,637,73,81,423,658,125),(125,'2020-02-23 00:00:00','Wenwusha','119.585442','25.890008','Guohe','113.447431','28.94074',665.40,791,186,212,221,145,1913,905,144),(126,'2020-02-10 00:00:00','Tawau','117.893335','4.243113','Mirebalais','-72.1031057','18.8350125',753.60,498,936,217,29,113,1542,888,28),(127,'2019-12-05 00:00:00','Jiuzhen','117.999934','37.253622','El Cantón','-71.2970721','7.4774153',146.50,116,420,647,235,56,3078,930,106),(128,'2019-09-11 00:00:00','Zamoskvorech’ye','37.6243984','55.7213148','Bashtanka','32.4412263','47.4098736',345.30,457,137,684,340,10,1652,76,149),(129,'2020-01-19 00:00:00','Mangas','-77.029602','-12.064682','Mooirivier','30.0029572','-29.2106317',438.80,389,526,432,385,86,4740,998,30),(130,'2019-12-19 00:00:00','Betong','101.0372376','5.7799851','Changpo','102.591737','24.965651',83.50,397,263,144,120,216,1869,716,425),(131,'2020-01-14 00:00:00','Ugljevik','18.9959549','44.6939722','Ängelholm','12.8726986','56.246131',115.70,771,265,551,233,216,3202,252,123),(132,'2020-02-17 00:00:00','Tulay','121.0143656','14.5788472','Ma’an','120.589457','30.145729',27.20,448,455,480,286,334,4928,222,294),(133,'2020-02-07 00:00:00','Anolaima','-74.464018','4.761738','Muslyumovo','61.6171856','55.5939065',984.30,323,119,103,231,96,2622,680,339),(134,'2019-12-30 00:00:00','Mampong','-1.3999969','7.053137','Mojo','39.1231459','8.5870183',90.90,751,845,275,181,160,730,559,265),(135,'2019-09-07 00:00:00','Mujães','-8.7184577','41.6550179','Las Flores','-106.3830904','23.2675871',381.90,475,589,685,222,221,1838,19,406),(136,'2019-12-22 00:00:00','Leshan','103.765678','29.552115','Drakhtik','45.2368557','40.5630764',404.20,504,621,627,397,194,3369,719,412),(137,'2020-02-09 00:00:00','Lubu','112.294107','23.177772','Baton Rouge','-91.15','30.45',269.40,651,350,76,153,112,2558,836,15),(138,'2020-01-27 00:00:00','Huoche Xizhan','87.409018','43.881812','Potolo','-65.5366243','-19.0153937',505.40,738,370,309,355,282,3809,120,400),(139,'2020-01-21 00:00:00','Kohila','24.7475218','59.1651981','Canggou','108.413764','36.87492',413.40,491,193,495,104,28,876,23,165),(140,'2020-01-28 00:00:00','Wangmang','120.9061578','31.1206637','La Paz Centro','-86.6762176','12.3434106',634.10,714,952,751,32,300,3385,57,422),(141,'2020-02-21 00:00:00','Petropavlovsk','69.1505479','54.8732209','Tangchijie','110.514837','27.358123',637.20,543,169,215,285,395,4471,184,148),(142,'2019-09-09 00:00:00','Shixiang','120.1534039','30.3312397','Votkinsk','54.0037032','57.0384344',200.50,517,257,316,253,338,4738,13,425),(143,'2019-10-30 00:00:00','Jorong Lauk','116.5751','-8.5666','Malayal','121.4666549','12.8513784',862.60,303,540,692,182,98,1252,284,472),(144,'2019-11-11 00:00:00','Porangatu','-49.284143','-13.3498444','Norsborg','17.8231225','59.24607',527.70,211,974,566,330,96,66,642,68),(145,'2019-11-05 00:00:00','Daxi','117.1199596','24.1092009','Orléans','2.8002946','47.3591366',82.40,571,486,114,38,107,2172,168,49),(146,'2019-11-30 00:00:00','Lanas','120.7050032','18.1686828','Yunlu','116.468928','23.583208',133.60,142,320,453,203,107,647,602,33),(147,'2019-10-30 00:00:00','Boyeros','-82.4102628','22.9861757','Huxiaoqiao','103.0991829','30.0689467',584.70,304,438,389,390,387,65,700,173),(148,'2020-02-08 00:00:00','Kasaoka','133.5102054','34.5107712','Callahuanca','-76.6185265','-11.826817',614.50,142,794,830,148,117,1173,531,465),(149,'2020-01-15 00:00:00','Ḩadīdah','36.3971959','34.6743219','Tögrög','94.9302073','45.7716857',794.10,163,316,666,55,220,2274,492,352),(150,'2019-10-18 00:00:00','Batken','69.8597406','39.9721425','Bukuru','8.8597095','9.7652591',924.30,494,928,225,22,186,149,354,349),(151,'2019-09-13 00:00:00','Christchurch','172.6317809','-43.5210758','Huilong','103.686294','30.304377',344.40,130,771,62,120,394,2347,32,379),(152,'2019-10-06 00:00:00','Scarborough','-60.7301511','11.1869803','Psychikó','23.7725723','38.0120968',677.10,573,923,881,125,389,3451,993,178),(153,'2019-10-03 00:00:00','Xiangshun','121.869339','29.476705','Guiset East','125.0950286','7.3442714',998.30,259,634,280,128,151,765,578,254),(154,'2020-01-04 00:00:00','Dasiping','124.719659','41.318142','Heping','114.938684','24.44218',967.90,584,153,685,260,384,4255,632,414),(155,'2019-09-04 00:00:00','Sauce','-56.0668126','-34.6488719','Alor Setar','100.3674801','6.1244023',959.90,383,357,511,68,15,4918,616,14),(156,'2019-11-20 00:00:00','Longtou’an','106.6403668','30.4703023','Las Vegas','-115.3667218','36.1100428',311.10,706,212,694,314,334,4612,992,245),(157,'2019-10-09 00:00:00','Shengli','120.1561748','30.2979687','Dayuan','113.3547602','23.2654395',498.20,299,378,969,38,111,1051,264,260),(158,'2020-01-14 00:00:00','Fukushima-shi','135.487633','34.6951012','Calaba','120.6190252','17.622182',407.90,102,517,568,378,258,2500,935,121),(159,'2019-09-07 00:00:00','Thị Trấn Thất Khê','106.4731314','22.2566889','Kumla','15.2696961','59.162099',198.40,300,514,462,29,52,1845,106,41),(160,'2019-10-10 00:00:00','København','12.5859351','55.6764108','Ntonggu','118.7780987','-8.5314465',552.30,361,814,90,35,35,200,609,307),(161,'2020-01-16 00:00:00','Kalloní','26.2072301','39.233118','Gibato','122.6733826','11.237963',582.50,499,349,974,74,169,2493,639,162),(162,'2019-10-26 00:00:00','Louisville','-85.75','38.26','Kalodzishchy','27.7823','53.944',321.60,396,134,245,173,86,4313,933,261),(163,'2019-10-07 00:00:00','Saltsjöbaden','18.2637328','59.2916062','Houzhai','119.975172','31.437058',790.30,190,507,503,126,29,3314,261,148),(164,'2019-12-22 00:00:00','Bang Sai','100.2880581','14.3123597','Gostyń','16.955476','51.9034509',124.30,511,186,128,51,162,758,402,477),(165,'2020-01-02 00:00:00','Jomsom','83.7730237','28.7746477','Pangai','-174.3502613','-19.811431',721.80,755,452,824,11,199,3314,974,479),(166,'2019-11-13 00:00:00','Villa Mercedes','-58.5197163','-34.5926613','Dearborn','-83.1756188','42.3382755',778.70,209,690,106,122,174,432,479,253),(167,'2020-01-31 00:00:00','Łużna','21.0458599','49.712424','Xilin','105.093908','24.489685',136.40,386,901,210,397,328,3926,372,456),(168,'2019-10-29 00:00:00','Zliten','14.5189214','32.2785242','Jintun','116.449839','35.26364',301.40,583,564,55,216,125,2161,52,244),(169,'2020-01-03 00:00:00','Pangansalan','108.4988269','-7.6150611','Kuala Lumpur','101.664881','3.116134',437.10,140,712,993,264,200,3325,685,102),(170,'2020-02-04 00:00:00','Gort','-8.9791425','52.8638391','Gujba','11.9336539','11.4998068',414.80,777,795,342,152,374,1280,35,457),(171,'2019-12-11 00:00:00','Thomassique','-71.8423092','19.0779991','Manhush','37.3087599','47.0602152',593.10,133,217,534,115,74,2128,934,392),(172,'2019-09-23 00:00:00','Storozhynets’','25.7100722','48.1547935','Acton Vale','-72.56582','45.65007',624.70,352,873,128,378,168,1367,251,358),(173,'2019-10-11 00:00:00','San Vicente','121.0589081','14.7596318','Ban Mai','99.999936','8.2760566',603.00,557,901,166,79,81,3691,902,183),(174,'2019-10-19 00:00:00','Tit Mellil','-7.4841222','33.5507563','Rowokangkung','113.3228127','-8.1954879',287.40,160,218,343,65,391,1345,490,175),(175,'2020-01-18 00:00:00','Lipa City','121.157258','13.950488','Xinzhou','112.734174','38.416663',973.50,371,371,794,227,35,1634,753,356),(176,'2020-01-15 00:00:00','Yongning','108.487368','22.75839','Krasnyy Profintern','40.4312906','57.7372668',744.80,125,943,853,80,60,4086,469,59),(177,'2019-11-09 00:00:00','Saltsjö-Boo','18.2730402','59.324761','Suntar','117.6331338','62.1549186',966.20,342,454,925,338,157,3682,420,162),(178,'2019-11-19 00:00:00','Bombu','122.8704925','-5.0173504','Chigan','108.438067','34.705306',593.70,620,107,426,314,399,523,672,197),(179,'2019-12-16 00:00:00','Haikou','110.198286','20.044412','North Battleford','-108.2930839','52.7785658',981.80,688,917,351,205,64,3616,444,150),(180,'2019-12-04 00:00:00','Heydərabad','44.8476661','39.7231403','Blizne','21.9739202','49.7529886',123.60,756,462,133,10,320,2573,857,454),(181,'2019-12-09 00:00:00','Cabaiguán','-79.4956974','22.0808448','Lyozna','30.8005553','55.024145',265.20,274,538,673,76,164,4795,718,330),(182,'2019-11-17 00:00:00','Alegria','121.0309165','14.5020933','Lincoln','-96.6157192','40.8247318',684.70,174,594,621,290,80,1278,598,266),(183,'2020-02-18 00:00:00','Triwil','111.0994','-6.7204','Palmar de Varela','-74.755272','10.74044',707.30,509,295,357,135,238,4831,324,162),(184,'2019-12-28 00:00:00','Al Hāshimīyah','35.21938','32.46392','Ruyigi','30.2512728','-3.446207',113.20,665,551,242,34,167,928,597,341),(185,'2019-10-30 00:00:00','Antonina','-48.7162067','-25.4328356','Kvartsitnyy','37.7314838','48.0134881',105.20,479,815,759,287,168,220,22,452),(186,'2019-12-30 00:00:00','Guling','116.512037','29.204461','Primero de Enero','-78.4325615','21.9440983',216.90,365,176,736,78,289,2435,322,223),(187,'2019-09-24 00:00:00','Tanjung Palas','117.2911248','2.8426922','Dinalongan','121.0205827','14.4069119',158.00,186,945,484,113,232,3560,897,109),(188,'2020-02-09 00:00:00','Santo Tomas','125.6239227','7.5273576','Perniö','23.1228098','60.2285503',542.80,415,154,384,367,159,2961,858,48),(189,'2020-01-13 00:00:00','Karangpocok','113.8478','-6.9209','Yaodu','111.579554','36.07884',994.30,130,254,217,283,67,4423,271,472),(190,'2020-01-03 00:00:00','Ipoh','101.1064003','4.6096768','Maiyema','4.3693604','12.0805088',274.80,226,215,495,321,393,334,7,442),(191,'2019-12-22 00:00:00','Aranyaprathet','102.5211986','13.6782356','Huwan','114.576901','31.680023',641.80,161,778,819,235,252,1573,154,234),(192,'2019-11-07 00:00:00','Vilar','-8.5381298','41.2290184','Zawiya','12.7364962','32.7630282',195.50,376,254,463,319,286,2195,767,410),(193,'2019-12-28 00:00:00','Zarzis','11.0881494','33.5041035','Huangjinjing','110.897275','27.58237',676.60,699,265,695,172,347,2720,451,438),(194,'2019-10-04 00:00:00','20 de Noviembre','-99.1082647','19.4449916','Yekimovichi','33.29648','54.11285',514.10,325,614,66,220,185,3683,667,241),(195,'2019-10-07 00:00:00','Xinghai','121.5830108','38.8812423','Da’an','124.292626','45.506995',741.40,204,371,112,209,140,4676,581,423),(196,'2020-01-05 00:00:00','Utena','25.635173','55.499775','Öldziyt','102.5606182','48.1030253',121.40,616,628,597,164,178,495,853,327),(197,'2019-11-17 00:00:00','Washington','-77.0251409','38.8931743','Xiuying','110.293561','20.007968',747.80,361,818,501,185,320,3159,202,32),(198,'2019-09-08 00:00:00','Uthai','100.6685901','14.3618606','Višňové','16.1411813','48.9787664',106.90,547,170,171,56,227,130,423,246),(199,'2019-11-22 00:00:00','Washington','-76.99','38.92','Yuracyacu','-77.2261452','-5.9317384',87.30,183,133,385,216,191,1765,256,143),(200,'2020-01-24 00:00:00','Linshui','106.93038','30.334768','Longzhong','112.03379','31.991961',446.30,665,307,90,35,35,200,980,173),(201,'2019-11-23 00:00:00','Belo','10.2572084','6.1360612','Rakhmanovo','37.9891132','56.1597869',124.50,269,329,230,335,313,2939,934,146),(202,'2019-10-24 00:00:00','Lizhai','121.131229','28.845441','Tassin-la-Demi-Lune','4.768427','45.764339',577.80,518,555,67,87,319,1855,139,355),(203,'2019-11-21 00:00:00','Cachoeiro de Itapemirim','-41.1162273','-20.8478935','Nice','7.2559678','43.6953508',200.30,131,362,810,331,343,2486,481,170),(204,'2019-10-28 00:00:00','Palmitas','-57.7992243','-33.5072907','Ţūlkarm','35.0239857','32.3194054',85.80,373,540,455,159,190,4972,381,132),(205,'2019-12-01 00:00:00','Barrhead','-114.3954066','54.1187723','Siay','122.8673679','7.7100015',738.50,727,712,214,65,76,1054,944,308),(206,'2019-11-30 00:00:00','Hedi','115.865746','34.393136','Novozybkov','31.929235','52.53379',901.40,167,734,626,178,106,2292,563,423),(207,'2019-10-15 00:00:00','Strel\'na','30.0461164','59.8583045','Log','43.8548861','49.4774391',387.70,756,423,573,71,338,410,33,235),(208,'2020-01-13 00:00:00','Patong','98.298895','7.894825','Las Lomas','-82.3777335','8.4430125',83.10,208,960,74,317,221,1696,991,356),(209,'2019-10-03 00:00:00','Iwai','133.8964708','34.6718873','Sekarjalak','111.0631793','-6.612633',929.60,224,240,501,68,12,426,252,186),(210,'2020-02-02 00:00:00','Melíssia','23.8336016','38.0572295','Vagney','6.7166698','48.0080981',479.90,366,999,785,51,127,2658,474,266),(211,'2019-11-12 00:00:00','Sinajana Village','144.7546333','13.4623836','Toba Tek Singh','72.5694175','30.9658281',918.70,786,291,131,27,211,2914,231,363),(212,'2019-09-05 00:00:00','Białośliwie','17.1259608','53.1406245','Pavlohrad','35.9032574','48.5294478',443.00,237,962,78,183,51,1709,770,314),(213,'2019-10-25 00:00:00','Coaticook','-71.8121012','45.1306898','Dachnoye','58.9216772','53.4445864',143.30,567,189,282,41,200,3934,55,353),(214,'2020-01-23 00:00:00','Xiheshan','115.08775','39.629968','Vereshchagino','54.6499999','58.0666667',518.70,233,951,853,23,29,4855,834,356),(215,'2019-10-18 00:00:00','Shamva','31.5655424','-17.3058881','Xiayang','113.778639','26.480043',666.20,686,542,344,287,343,1327,464,67),(216,'2019-10-14 00:00:00','Mikołów','18.9067921','50.1674668','Balangpule','111.501','-7.1724',637.00,306,877,505,387,192,1576,743,170),(217,'2019-09-08 00:00:00','Bal’shavik','30.8769586','52.5645365','Pak Phli','101.2750531','14.0899827',809.60,228,115,610,346,289,495,554,196),(218,'2020-01-15 00:00:00','Ensanche Luperón','-70.0957159','18.4176704','Lāliān','72.4156898','31.5769405',818.50,332,200,967,235,251,1105,881,284),(219,'2019-10-08 00:00:00','Guataquí','-74.790311','4.517444','Antipino','55.1890813','58.9918209',126.70,516,224,657,132,236,1421,74,430),(220,'2019-12-25 00:00:00','Järna','17.5786783','59.1134343','Vitry-sur-Seine','2.3884283','48.7885683',587.60,584,817,919,15,30,4052,279,485),(221,'2019-10-11 00:00:00','Nasavrky','16.2590848','50.025483','Minh Lương','105.1668326','9.9044207',325.50,497,974,18,247,70,3374,686,491),(222,'2019-12-02 00:00:00','Voiron','5.5949365','45.3639886','Bla','-5.7563151','12.9549865',784.50,449,952,623,65,238,3374,853,289),(223,'2020-01-15 00:00:00','Aquiraz','-38.4429274','-3.9997372','Bao’an','113.884019','22.555259',627.70,467,122,187,319,104,2577,727,432),(224,'2020-02-23 00:00:00','Dieppe','1.1843207','49.7666568','Pitumarca','-71.4165779','-13.9792358',773.20,572,548,624,25,278,2563,677,311),(225,'2020-02-10 00:00:00','Banyumas','109.140438','-7.4832133','Luci','109.386371','26.853097',628.00,577,195,80,279,105,1244,954,196),(226,'2019-12-07 00:00:00','Vidoši','17.0283262','43.7713642','Tegalgede','110.9655659','-7.6095457',711.20,427,764,963,78,125,3370,692,86),(227,'2019-11-27 00:00:00','Fatufaun','124.3173','-9.5517','Pembuanghulu','112.1787896','-2.5082067',968.70,603,916,663,219,207,4909,833,21),(228,'2019-12-25 00:00:00','Lavadorinhos','-8.5359207','41.0394198','Tonggu','114.371172','28.520769',441.10,743,697,185,201,200,2648,31,270),(229,'2019-10-16 00:00:00','Piraí do Sul','-49.8956943','-24.4748345','Usicayos','-69.9661586','-14.1254679',313.80,733,949,204,18,123,1765,233,246),(230,'2020-01-04 00:00:00','Langchuan','118.604556','29.492402','Karlskrona','15.6309078','56.1993557',210.80,704,627,412,319,82,2625,782,95),(231,'2020-01-05 00:00:00','Changle','119.523266','25.962888','Thika','37.0833753','-1.0387569',918.40,574,416,880,148,57,1189,632,244),(232,'2019-10-01 00:00:00','Zhishan','122.207215','29.985295','Amos','-78.1143214','48.5701842',991.50,776,337,25,18,284,4728,509,154),(233,'2019-10-29 00:00:00','Babakanloa','108.0050384','-7.1691828','Ust-Kamenogorsk','82.6017244','49.9749295',87.60,236,334,797,196,49,389,784,107),(234,'2019-10-15 00:00:00','Macachín','-64.2726889','-31.3203573','Muqui','-75.42997','-11.83294',263.50,237,270,674,134,228,4634,121,85),(235,'2020-01-16 00:00:00','New York City','-74.0138541','40.7038704','Tercena','-9.2843236','38.7508367',238.60,552,453,944,296,144,4290,628,181),(236,'2019-12-28 00:00:00','Liaobu','113.87497','22.99732','Cabeço','-8.6291241','40.6816244',160.60,679,792,27,269,206,1316,521,319),(237,'2020-02-19 00:00:00','Kuncen','110.6749978','-7.6535289','Kharp','66.4550896','66.6441543',240.70,373,202,520,317,207,4818,637,184),(238,'2019-10-30 00:00:00','Cisewu','107.5505152','-7.3646327','Milwaukee','-88.1263369','42.3745311',456.60,501,807,288,265,255,2975,114,296),(239,'2019-12-14 00:00:00','Chợ Lầu','108.4869555','11.1506898','Cordon','121.451539','16.663904',480.30,536,194,151,249,335,3948,355,360),(240,'2020-01-23 00:00:00','Dongjiang Matoukou','118.45323','31.5977','Yablonovskiy','38.9254064','44.982137',986.10,153,317,90,35,35,200,228,255),(241,'2019-10-19 00:00:00','Yaransk','45.2217972','54.147514','Sarishābāri','89.8282604','24.7512974',567.60,505,747,56,357,85,1018,265,393),(242,'2019-11-28 00:00:00','Roldanillo','-76.1899661','4.4210661','Abengourou','-3.4801349','6.7156982',586.10,474,605,582,25,82,2629,986,175),(243,'2020-02-23 00:00:00','Caigongzhuang','117.081971','38.78918','Tangfang','127.059486','45.911222',386.30,277,492,382,53,323,2484,912,446),(244,'2019-09-01 00:00:00','Las Palmas','-101.5188815','20.8743656','Luziânia','-47.952747','-16.2513167',90.10,681,822,107,382,335,3733,859,104),(245,'2019-10-18 00:00:00','Lanlacuni Bajo','-70.414047','-13.47751','Portëz','19.5865629','40.6940299',374.80,578,672,888,276,374,2633,650,51),(246,'2020-01-09 00:00:00','Sangzhen','108.355232','34.262709','Bocana de Paiwas','-85.1233','12.7878653',775.90,467,176,283,215,66,778,781,99),(247,'2019-09-10 00:00:00','Fedorovka','51.9665342','51.2308402','Palaiochóri','23.6502521','40.4930573',12.50,163,451,663,169,344,2993,837,236),(248,'2020-01-21 00:00:00','Pará de Minas','-44.6113601','-19.8552965','Chongjin','129.723402','41.7669671',184.10,111,425,405,55,355,3672,440,478),(249,'2019-09-08 00:00:00','Limatambo','-72.4493789','-13.48804','Jilong','85.297534','28.852393',325.10,326,103,136,196,87,568,780,103),(250,'2019-12-02 00:00:00','Isawa','132.9645335','32.9760392','Kranj','14.367531','46.259991',223.10,565,792,359,15,202,2229,247,375),(251,'2019-10-24 00:00:00','Konice','16.0250895','48.8312275','Poroçan','20.2899237','40.9357866',72.00,614,464,503,203,302,1187,892,338),(252,'2019-12-27 00:00:00','Okigwi','7.3408535','5.8192832','Pangligaran','108.1798126','-7.2211138',633.30,102,959,359,26,206,620,344,119),(253,'2019-11-14 00:00:00','Vanves','2.2718631','48.8120404','Si Prachan','100.1479182','14.6462828',173.40,668,316,388,132,196,2304,927,216),(254,'2019-10-27 00:00:00','Ar Rubū‘','43.86901','13.78024','Miłakowo','20.0706038','54.0085653',752.30,702,891,28,361,249,128,796,214),(255,'2019-12-29 00:00:00','Tomelilla','13.953453','55.5449766','Shuangjie','111.809478','21.951497',891.30,359,837,837,108,215,2569,106,302),(256,'2019-09-12 00:00:00','Snizhne','38.7656121','48.0282789','La Cruz','-76.8951551','1.6135167',942.20,702,638,27,351,242,3271,267,432),(257,'2019-09-03 00:00:00','Kampong Speu','104.3791912','11.6155109','Patzicía','-90.9259787','14.6329018',563.70,705,350,353,287,291,4943,279,125),(258,'2019-11-06 00:00:00','Tuba','-111.2236913','36.1228302','Tecka','-65.0604467','-42.7602412',757.20,384,189,732,324,354,220,579,5),(259,'2019-09-30 00:00:00','Vallehermoso','123.3262483','10.335192','Garcia Hernandez','124.301366','9.61666',229.70,120,467,432,362,130,87,283,273),(260,'2019-09-29 00:00:00','Berģi','24.3022789','56.9934009','Lenghu','93.330613','38.734814',167.20,101,389,840,121,342,2966,827,303),(261,'2019-12-10 00:00:00','Zhengcun','114.532957','28.955847','Pereira','-6.9646803','41.3349436',674.80,673,545,195,146,46,1812,232,125),(262,'2019-10-09 00:00:00','Šardice','17.0279282','48.967159','Lyon','1.9038837','43.0429124',417.10,307,391,798,236,393,3525,321,282),(263,'2019-12-04 00:00:00','Kiuola','124.4530968','-9.591725','Ambunti','142.8151948','-4.2141655',921.90,723,666,26,94,263,354,858,440),(264,'2020-01-28 00:00:00','Arraga','-60.7891909','-37.5407812','Bilajer','50.0415363','40.5811666',605.90,650,826,261,386,361,906,180,120),(265,'2019-10-07 00:00:00','Rossosh’','39.5632497','50.1987725','Esigodini','28.9383082','-20.2906811',229.50,216,580,444,282,234,101,258,18),(266,'2020-01-10 00:00:00','Lingda','119.301861','31.203196','Fier-Çifçi','19.56667','40.71667',711.90,769,145,502,232,284,4828,112,158),(267,'2019-12-13 00:00:00','Minshan','104.0662289','30.6474812','Nansheng','112.074588','22.830192',951.50,373,142,845,184,67,3088,621,11),(268,'2020-02-08 00:00:00','Dugulubgey','43.5192652','43.6865336','Grekan','19.9481973','40.9279942',23.50,434,664,680,221,101,4329,780,447),(269,'2019-09-23 00:00:00','Oebaki','124.3865392','-9.9423239','Santa Rita Village','144.751572','13.4760985',202.70,527,761,408,152,89,4156,345,161),(270,'2020-02-13 00:00:00','Jāti','68.2441112','24.2957346','Uhryniv','24.6800199','48.9582445',253.10,753,980,654,125,282,1377,430,167),(271,'2020-02-16 00:00:00','Shangdongjie','109.998621','29.322952','Novoorsk','58.9769955','51.3833046',619.50,416,520,762,392,128,1172,230,136),(272,'2020-02-05 00:00:00','Kasserine','8.6600586','35.0809148','Edinburgh','-3.1859102','55.9309486',359.70,724,638,668,109,259,4909,587,249),(273,'2019-12-12 00:00:00','Lavaur','1.7811783','43.974344','Kurovskoye','38.9204498','55.5739183',331.90,724,540,237,63,303,823,424,406),(274,'2019-10-11 00:00:00','Phumĭ Véal Srê','105.266667','13.216667','Zhangxiong','114.1574404','29.0554502',286.00,790,137,690,96,227,4436,816,358),(275,'2019-10-02 00:00:00','Dowr-e Rabāţ','68.79093','36.69132','Nemours','2.7122802','48.2678882',824.50,344,503,355,375,77,3413,841,436),(276,'2020-01-14 00:00:00','Iida','140.3246377','38.2122481','Rizhao','119.526925','35.416734',997.20,579,223,70,100,303,2947,236,8),(277,'2019-09-25 00:00:00','Ozubulu','6.8485009','5.9592535','San Celestio','121.2125126','13.8801742',285.20,216,320,234,134,44,3570,824,228),(278,'2019-10-25 00:00:00','Babahoyo','-79.5346459','-1.801926','Jongorsari','108.2796','-7.1008',438.00,686,200,960,129,179,4181,863,72),(279,'2020-01-20 00:00:00','Plandirejo','112.0327329','-8.2795949','Anningqu','87.504934','43.981544',781.80,358,900,15,325,196,2656,864,13),(280,'2020-02-17 00:00:00','Wangcheng','112.833836','28.353912','Ar Ramthā','36.0086971','32.5609226',764.00,414,131,90,35,35,200,215,162),(281,'2019-10-14 00:00:00','Lumil','121.012257','14.183396','Hagonoy','121.0764017','14.7464846',809.60,442,862,412,79,112,1056,421,217),(282,'2019-12-21 00:00:00','Huangchi','113.310158','36.275231','Maoping','110.973252','30.823054',151.80,686,143,865,319,361,1946,950,348),(283,'2019-12-02 00:00:00','Opuzen','17.5644335','43.0172612','Gachancipá','-73.87076','4.9918699',663.60,792,253,286,367,107,4900,671,235),(284,'2020-02-19 00:00:00','Dordrecht','27.03523','-31.3699','Samut Prakan','100.611156','13.60864',251.60,557,723,553,221,97,1417,268,240),(285,'2020-01-30 00:00:00','San Antonio','-71.6055123','-33.5922807','Santa Cruz das Flores','-31.1338071','39.4582827',422.00,522,878,12,343,333,931,796,372),(286,'2019-10-09 00:00:00','El Guapinol','-87.3872748','13.1680197','Vilhelmina','16.2948002','64.918515',862.80,374,724,672,285,120,259,931,17),(287,'2019-10-05 00:00:00','Pereira','-8.3634981','42.0753926','Jaga','106.8013241','-6.176506',399.70,147,867,666,230,386,1862,274,51),(288,'2020-01-05 00:00:00','Hamilton','-64.7858887','32.2945837','Baculin','126.5772629','7.4509008',777.60,707,583,586,70,165,3167,3,423),(289,'2020-01-27 00:00:00','Wilanagara','108.6264694','-7.0397296','Fengshan','107.04219','24.546876',441.50,122,490,635,334,287,3445,741,42),(290,'2019-12-10 00:00:00','Fleury-les-Aubrais','1.920754','47.931513','Hetang','113.173487','27.855928',651.20,547,237,798,279,300,3188,562,17),(291,'2019-12-20 00:00:00','Tassin-la-Demi-Lune','4.768427','45.764339','Businga','20.8731737','3.3420568',731.70,680,381,506,353,98,750,795,231),(292,'2019-11-16 00:00:00','Chenji','110.2979995','25.2747395','Autun','4.2998563','46.9428639',84.50,350,250,830,54,368,3051,310,135),(293,'2020-02-17 00:00:00','Presidencia Roque Sáenz Peña','-58.3736215','-34.7569609','Shingū','135.9914552','33.7282738',303.30,569,573,467,38,76,4384,895,237),(294,'2019-12-15 00:00:00','Quebo','-14.935965','11.3410027','Magisterial','-116.9030256','32.5468611',949.70,310,183,733,124,291,4664,106,266),(295,'2020-01-13 00:00:00','Cishangang','119.549715','31.072149','Shankeng','117.9249002','35.8939566',924.60,328,917,532,327,38,1783,65,281),(296,'2020-01-08 00:00:00','Tsuruga','139.3739616','37.9440927','Armenia','-75.7255192','4.4721794',50.30,408,316,84,302,300,3083,870,401),(297,'2019-09-15 00:00:00','Cerklje na Gorenjskem','14.4868829','46.2531292','San Marcos','-88.9521595','14.4103464',850.00,559,978,830,265,53,3109,26,22),(298,'2020-02-24 00:00:00','Saint-Cloud','2.2228583','48.8590219','Krajan','111.6556388','-7.5450262',387.40,741,541,502,376,23,1530,642,27),(299,'2019-09-06 00:00:00','Ra-ngae','101.7296049','6.2958736','Yanai','132.1078523','33.9899791',613.40,361,914,249,323,46,1020,606,183),(300,'2019-12-21 00:00:00','Sumberpinang Satu','113.7692328','-7.7788197','Tsuyama','134.041335','35.0780152',516.20,466,126,485,133,59,2989,215,500),(301,'2019-12-03 00:00:00','Żabia Wola','20.6716007','52.0008866','Banpu','116.4649163','39.947072',466.70,783,125,75,146,165,1621,595,340),(302,'2019-12-27 00:00:00','Embarcación','-71.2485941','-41.1254857','Looc','121.990929','12.261245',934.10,494,826,816,284,204,1999,94,229),(303,'2019-09-27 00:00:00','Milaor','123.193','13.631','Misasi','33.0873408','-3.012309',779.30,140,462,316,236,355,919,468,93),(304,'2019-10-06 00:00:00','Padre Nabeto','-8.8830265','38.5633826','Runan','114.362379','33.006729',918.10,426,814,15,329,278,184,75,187),(305,'2019-09-12 00:00:00','Sipe Sipe','-66.3438275','-17.4474874','Toksovo','30.5168633','60.1475268',80.60,372,232,578,315,152,722,657,196),(306,'2019-09-20 00:00:00','Beit Jann','35.381268','32.965655','Poteran','114.0458275','-7.0894174',378.60,364,671,707,57,138,3873,95,64),(307,'2019-11-20 00:00:00','Huanchillas','-64.1276288','-31.4317582','Church End','0.1405602','52.216745',54.30,508,687,355,223,142,4185,454,192),(308,'2020-01-30 00:00:00','Asadābād','71.1537637','34.8742638','Ostrov','28.3570946','57.3397034',823.90,682,668,980,195,361,1020,379,34),(309,'2019-12-05 00:00:00','Vyatskiye Polyany','51.0782323','56.2208485','Massy','2.2889821','48.732568',82.50,522,609,710,32,123,3113,800,416),(310,'2019-11-20 00:00:00','Wangchang','117.998902','40.401045','Chiba','104.195397','35.86166',736.00,630,352,666,31,102,4659,356,351),(311,'2019-10-02 00:00:00','Oeleon','124.5722198','-9.7944518','Mayma','85.908397','52.020802',393.50,374,390,87,39,298,3586,211,474),(312,'2019-12-15 00:00:00','Plužine','18.8410376','43.1541366','Kalkara','14.5320278','35.8914242',844.10,646,668,811,261,84,2156,973,129),(313,'2019-11-07 00:00:00','Eyvān','46.3073161','33.8297993','Changjiang','112.8915932','30.5211502',588.80,117,924,183,91,357,2107,162,118),(314,'2019-12-26 00:00:00','San Pedro','-102.9838564','25.7572143','Bagacay','123.7526021','13.0748766',48.40,556,322,866,335,37,3735,733,155),(315,'2019-09-30 00:00:00','Da-an Sur','122.5333328','11.2666664','Sumuranyar','114.0625','-7.7546',292.30,731,203,710,336,209,2920,495,416),(316,'2020-02-14 00:00:00','Sapataria','-9.1822048','38.9693412','Embu Guaçu','-46.8486857','-23.9145043',875.80,791,804,200,118,294,1513,260,134),(317,'2019-10-22 00:00:00','Roshchino','20.3700368','54.9257823','Sumbuya','-11.967619','7.6538679',701.70,270,874,510,64,158,1076,39,343),(318,'2019-12-13 00:00:00','Saint Louis','-90.3207299','38.6132118','Milovice','17.3562648','49.2216972',930.80,144,439,830,15,389,2803,27,489),(319,'2019-09-20 00:00:00','Bābolsar','52.6546785','36.7048972','Cutral-Có','-69.2497586','-38.9338082',670.70,127,592,535,11,334,3321,724,126),(320,'2020-01-23 00:00:00','Trzebinia','16.136353','53.068264','Xinjia','87.5395855','42.5246357',832.90,110,147,90,35,35,200,742,46),(321,'2019-10-10 00:00:00','Catabola','17.281417','-12.1432701','Paranaíba','-51.1913338','-19.67511',48.70,561,794,238,160,212,1346,925,92),(322,'2020-02-10 00:00:00','Youkaichi','131.3266966','33.5311408','Despotovac','21.4322091','44.0970463',796.70,500,696,547,195,349,3756,290,385),(323,'2020-02-04 00:00:00','Gushan','119.038321','25.423994','Cabanas de Viriato','-7.9751886','40.4722617',709.10,512,772,845,263,349,849,687,59),(324,'2020-01-31 00:00:00','Zhishan','122.207215','29.985295','Penápolis','-50.0773225','-21.4152377',478.20,438,279,152,357,327,3907,977,332),(325,'2019-11-06 00:00:00','Soras','-73.616667','-14.116667','Evansville','-87.58','38.03',63.70,690,404,327,104,298,307,498,55),(326,'2019-10-30 00:00:00','Calauag','122.2887594','13.9573134','Miętne','21.5909124','51.9255718',829.80,340,368,42,317,183,282,553,170),(327,'2020-02-04 00:00:00','Lumbatan','124.2474479','7.7553228','Ketapang','110.5215459','-1.5697615',88.70,453,732,334,198,49,1743,967,25),(328,'2020-02-24 00:00:00','Altan-Ovoo','101.7525358','47.4389969','Milín','14.0095887','49.6933676',10.40,552,327,696,365,393,3235,961,187),(329,'2020-01-12 00:00:00','Guanajuato','-101.2049226','20.5593774','Nyanza','29.7512903','-2.3496095',625.20,310,353,403,344,107,2918,943,159),(330,'2020-01-18 00:00:00','Xiapu','120.005147','26.885704','Tonjongsari','108.1754804','-7.7408587',806.50,143,187,754,21,394,4411,756,455),(331,'2019-09-04 00:00:00','Ganghwa-gun','126.4878731','37.7467263','San Miguel','-99.0806088','19.3579802',940.70,249,866,721,26,261,4814,893,140),(332,'2020-02-25 00:00:00','Krasnogorskoye','52.4917523','57.7046513','Anguera','-39.2167652','-12.182745',423.80,320,975,402,315,294,465,651,429),(333,'2019-10-19 00:00:00','Alaghsas','8.0168','17.0187','Kongsvinger','12.0056','60.1862',891.30,634,667,464,215,172,241,150,214),(334,'2020-02-22 00:00:00','Fazhan','113.121435','23.021478','Jingxiyuan','106.330646','35.498159',298.30,398,677,499,140,319,1581,906,16),(335,'2020-01-11 00:00:00','Quzi','107.981045','36.905869','Kotlas','46.6966268','61.2370214',158.70,469,684,521,107,71,1080,691,141),(336,'2020-02-15 00:00:00','Ratchathewi','100.5340482','13.7544241','Delft','4.3871967','51.9850245',961.40,416,595,753,324,64,108,983,276),(337,'2020-02-08 00:00:00','Georgiyevskaya','82.9132833','55.1067515','Tegalgede','110.9655659','-7.6095457',388.00,601,344,494,179,390,2261,866,221),(338,'2020-01-15 00:00:00','Gudja','14.50306','35.84917','Caluire-et-Cuire','4.8427596','45.7967858',712.60,731,823,480,88,254,4512,764,314),(339,'2019-12-21 00:00:00','Santa Rita Aplaya','121.030464','13.7696054','San Antonio','-99.2058279','19.4805668',473.10,473,524,426,308,279,4752,897,439),(340,'2020-01-10 00:00:00','Avallon','3.91302','47.49116','Lianovérgi','22.5004081','40.6349415',699.00,522,215,292,345,267,889,197,347),(341,'2019-11-06 00:00:00','Cigadog Hilir','108.0045002','-7.2194536','Piteå','21.5024355','65.3436554',959.10,524,736,449,59,328,35,65,337),(342,'2019-10-11 00:00:00','Pŭrvomaytsi','25.65','43.15','Tucson','-111.0033984','32.2342478',379.20,709,192,33,22,144,279,789,127),(343,'2020-02-09 00:00:00','Gjinkar','20.2024299','41.0180957','Sangongqiao','109.654991','28.18018',766.10,519,439,58,195,45,3127,247,169),(344,'2019-09-28 00:00:00','Yakovlevskoye','36.477323','50.7873249','Köpingsvik','16.8197697','56.8593954',424.20,405,373,318,306,345,3404,156,50),(345,'2020-02-10 00:00:00','Široki Brijeg','17.592739','43.3831419','Al Ḩīlah','35.10742','31.47454',457.90,302,775,886,176,91,2843,490,326),(346,'2020-01-09 00:00:00','Nishio','139.7874841','37.4056028','Roshnik','20.0427329','40.7316367',643.60,191,761,372,254,357,1760,521,402),(347,'2020-01-17 00:00:00','Timaru','171.256569','-44.394663','Xiaozhen','115.264971','24.690585',683.90,399,539,411,69,140,3544,288,399),(348,'2020-02-19 00:00:00','Mirontsi','44.4146374','-12.1579355','Simunul','119.8492473','4.8980694',325.60,798,868,358,109,149,3508,892,193),(349,'2019-09-09 00:00:00','Ongandjera','15.0937378','-17.9164482','Shuyuan','116.260921','40.039342',268.10,478,272,845,98,210,829,725,106),(350,'2020-01-25 00:00:00','Nyapar','113.8257538','-6.9122585','Bawshar','58.4201892','23.5651914',463.50,304,240,513,41,396,4040,947,442),(351,'2019-11-03 00:00:00','Mar del Plata','-57.5823273','-38.0667198','Ilyich','64.764401','44.8722614',254.60,658,485,971,327,151,962,80,175),(352,'2020-01-01 00:00:00','Javhlant','105.924','48.80189','Västerås','16.6105826','59.6830824',111.80,262,708,970,48,115,3500,185,204),(353,'2020-01-23 00:00:00','Chating','118.7436309','32.0359229','Szczytno','17.2264899','53.768384',586.30,377,969,325,199,371,881,49,229),(354,'2020-01-01 00:00:00','Kibiti','38.9381031','-7.7256069','Xiaochi','116.3817634','39.9459413',205.70,548,727,631,245,294,236,1000,432),(355,'2020-01-29 00:00:00','Shuiche','110.996803','27.676355','Xinfa','116.249785','36.604225',323.80,593,577,611,142,210,603,836,177),(356,'2020-01-14 00:00:00','Grytviken','-36.5087385','-54.281149','Taishang','112.794065','22.251924',193.30,690,243,463,264,288,2483,733,366),(357,'2019-12-29 00:00:00','Daming','115.147814','36.285616','Budziszewice','19.93565','51.667293',606.10,419,849,965,266,223,4957,292,52),(358,'2019-09-12 00:00:00','Butere','34.4918988','0.2198155','Gan Yavne','34.703101','31.783056',24.30,453,263,965,100,352,384,684,149),(359,'2019-10-11 00:00:00','Abuxarda','-9.4194921','38.7188171','Cuiabá','-56.0976073','-15.5997099',583.50,646,228,553,93,12,2481,677,423),(360,'2020-01-20 00:00:00','Tsaghkahovit','44.2249621','40.6379848','Nevers','3.160773','46.990055',798.10,264,590,90,35,35,200,377,362),(361,'2019-12-25 00:00:00','Opařany','14.4813772','49.3967841','Banjar Desa','114.9991464','-3.3200228',315.30,655,427,336,228,144,3719,239,284),(362,'2020-01-24 00:00:00','Hostomice','13.8083154','50.5878419','Penha','-48.6489134','-26.8039789',909.60,509,193,924,307,348,3963,764,462),(363,'2019-11-29 00:00:00','Carazinho','-52.793776','-28.2963334','Portelinha','-8.4272356','39.6920939',521.20,691,723,37,73,197,4275,559,164),(364,'2020-01-03 00:00:00','Jingguan','106.570188','29.895386','Las Parejas','-58.494505','-34.5872079',45.90,251,361,19,35,27,1153,475,127),(365,'2019-10-23 00:00:00','Gryazovets','40.7334111','58.8144355','Biaoxi','118.764957','28.002849',675.30,791,789,596,388,234,3015,205,245),(366,'2020-02-20 00:00:00','Arys','68.8129042','42.4338529','Lewopao','123.2658133','-8.3782936',211.30,426,390,666,328,109,1854,129,52),(367,'2019-09-10 00:00:00','Lelekovice','16.5787482','49.2914367','Nagoselo do Douro','-7.4179536','41.1814553',171.70,628,483,726,80,268,4693,488,3),(368,'2019-11-05 00:00:00','Babakansari','107.2104935','-6.837527','Zabrze','18.7871344','50.3055387',737.20,511,603,444,296,59,799,177,487),(369,'2020-01-10 00:00:00','Torbeyevo','43.1704696','54.1407588','Hadakewa','123.5560069','-8.3848454',375.10,233,683,129,375,115,3585,257,211),(370,'2019-10-22 00:00:00','Piteå','21.4337149','65.3221906','Chanthaburi','102.1041583','12.573631',531.20,752,420,475,173,240,4108,385,11),(371,'2019-10-31 00:00:00','Pakel','111.8270486','-8.1553145','Burgau','-8.7751983','37.0734616',208.20,103,426,956,162,343,1643,229,353),(372,'2019-09-18 00:00:00','Youwei','113.093384','22.58405','Tầm Vu','106.4729811','10.4452129',894.60,567,317,928,262,61,1785,284,161),(373,'2020-01-09 00:00:00','Kawambwa','29.0809012','-9.7936959','Haoraoshan','112.52667','27.915008',353.50,405,233,947,55,66,4553,686,490),(374,'2019-10-23 00:00:00','Fornelos','-7.8087614','41.2469904','Dafengdui','117.005412','38.895126',862.50,682,531,592,210,77,1722,86,109),(375,'2020-02-22 00:00:00','Bandaran','117.1544163','-0.4836064','Omuo-Ekiti','5.7247169','7.7630152',95.00,655,731,288,291,108,2324,200,215),(376,'2019-11-19 00:00:00','Lens','-0.4601725','46.280212','Lingkou','114.835777','26.82808',545.60,662,235,886,233,226,3765,46,54),(377,'2019-09-20 00:00:00','Saint-Ouen','-1.1457859','46.5993244','Sirnaresmi','106.493598','-6.8089753',483.20,318,904,909,267,323,51,689,103),(378,'2019-09-18 00:00:00','Ouijjane','-9.5395357','29.6242257','Rejanegara','109.9556406','0.409905',835.50,338,949,30,151,75,1667,277,281),(379,'2019-11-01 00:00:00','Iguape','-47.5275422','-24.5082407','Jiazi','116.061522','22.879493',446.60,349,597,492,387,143,2368,799,492),(380,'2020-02-08 00:00:00','Uozu','137.4165016','36.8190248','Santa Rosa','-122.6673018','38.43923',363.70,738,143,296,341,182,4820,962,496),(381,'2019-12-10 00:00:00','Obiliq','21.0670387','42.6869167','Oslob','123.4719247','9.5920992',175.60,774,982,907,384,85,4291,868,418),(382,'2020-01-02 00:00:00','Pasirgaru','108.6351043','-7.4977546','Përmet','20.3517334','40.2361837',732.00,159,293,846,260,212,691,911,35),(383,'2020-02-14 00:00:00','Leer','30.1531568','8.296968','Żarki','19.3633201','50.62508',554.90,192,961,592,332,95,866,623,153),(384,'2020-02-04 00:00:00','Ilām','87.9236747','26.9111769','Rogachëvo','37.1584572','56.4342328',331.40,579,507,399,399,329,1163,42,62),(385,'2020-02-22 00:00:00','Ban Phai','102.7020218','16.1169002','Uppsala','17.6537608','59.8668258',452.30,151,349,119,240,208,2725,929,358),(386,'2020-01-17 00:00:00','Kidričevo','15.7947234','46.4050135','Sukaraja','106.8473377','-6.6111441',867.50,388,227,797,56,62,3103,531,170),(387,'2019-11-13 00:00:00','Riangbao','123.4519','-8.3014','San Pedro One','121.1774182','14.0875558',930.40,678,536,471,245,140,4711,315,473),(388,'2020-01-06 00:00:00','Panzhou','104.471535','25.710002','Velika','17.6623801','45.4555091',972.10,611,943,486,247,250,2834,363,347),(389,'2019-09-22 00:00:00','Lingshan','120.096494','31.4299792','Namysłów','17.72244','51.07588',502.30,147,897,471,288,38,4140,650,154),(390,'2020-01-29 00:00:00','Kotakaya Dua','123.1428348','-8.2446702','Wuning','115.100568','29.256382',456.30,467,108,215,129,166,1162,723,207),(391,'2019-09-04 00:00:00','Madingou','13.5523679','-4.1682452','Pankovka','31.1990697','58.4981562',291.10,325,550,968,358,51,3487,49,234),(392,'2020-02-20 00:00:00','Siliana','9.3645335','36.0887208','Savelugu','-0.8246386','9.6164557',770.40,569,724,811,135,217,1867,802,1),(393,'2019-11-17 00:00:00','Starý Bohumín','18.3509727','49.9176763','Palmas Bellas','-80.0856189','9.2284759',933.60,795,820,218,112,393,3359,681,430),(394,'2019-12-12 00:00:00','Bawshar','58.4201892','23.5651914','Grujugan','113.7513827','-7.9868869',22.80,467,908,857,102,136,3160,220,416),(395,'2020-01-27 00:00:00','Fundão','-7.5010773','40.137963','Sumberkenanga','108.4602464','-6.7543488',167.50,332,562,380,151,200,4858,889,415),(396,'2019-11-28 00:00:00','Samut Songkhram','99.9129845','13.3601931','Kálamos','20.9089378','38.6218706',524.10,382,169,353,92,76,267,728,78),(397,'2020-02-13 00:00:00','Ul','-8.489917','40.8157748','Zhajin','114.246016','29.00707',859.40,496,376,137,130,158,1765,299,223),(398,'2019-09-22 00:00:00','Belo Oriente','-42.4331624','-19.2580383','Okhotsk','143.21468','59.362',570.60,169,536,769,326,27,1080,536,462),(399,'2019-12-11 00:00:00','Tongbang','124.539','-8.2135','Kushovë','20.1886551','40.7879444',381.60,160,751,497,167,342,4083,403,105),(400,'2019-09-10 00:00:00','Balakasap','107.5187988','-6.9384816','Vysehrad','14.4200237','50.0644155',703.40,312,144,90,35,35,200,829,55),(401,'2020-02-20 00:00:00','Tpig','47.5943485','41.7806536','Nantes','-1.5401497','47.2550409',42.30,475,736,887,175,305,3301,6,209),(402,'2019-09-04 00:00:00','Bayt Maqdūm','34.97192','31.53537','Batukuta','116.195655','-8.602068',711.50,338,754,229,285,380,3001,277,209),(403,'2019-10-11 00:00:00','Almirante','-82.4211025','9.2979179','Kuantan','103.40391','3.9671435',661.60,567,315,686,268,90,4487,586,45),(404,'2020-01-07 00:00:00','Nicoya','-85.454983','10.142762','Chandmanĭ','97.9685657','45.3369621',182.00,502,248,182,294,199,3280,749,241),(405,'2019-10-20 00:00:00','Miguelópolis','-48.0309631','-20.179973','Sattahip','100.901604','12.6836578',459.40,419,874,418,47,264,3275,810,56),(406,'2019-10-02 00:00:00','Paradela','-8.5444494','41.3307129','Skogås','18.1104499','59.1984305',234.50,426,890,829,106,183,4034,585,360),(407,'2019-11-11 00:00:00','Åkersberga','18.2397247','59.4746074','Sollefteå','17.2654819','63.1747832',948.90,193,463,297,174,235,1933,292,171),(408,'2020-01-20 00:00:00','Tullinge','17.8873144','59.2050499','Jiujiang','116.00193','29.705077',946.10,385,294,277,166,371,3903,900,204),(409,'2020-01-05 00:00:00','Achiaman','-0.3301342','5.6956728','Izumo','129.8728011','32.730304',261.40,343,666,266,142,58,889,280,225),(410,'2020-01-11 00:00:00','Zaoshi','113.449709','26.6674','Azacualpa','-88.0876336','14.7121689',584.60,790,679,310,183,251,127,42,221),(411,'2019-12-06 00:00:00','Buracan','123.5359174','13.6095632','Shuitai','111.409653','23.236168',468.80,401,441,153,44,33,1488,758,348),(412,'2019-10-27 00:00:00','Jiangkou','108.839557','27.69965','Waitenepang','123.1119371','-8.2717886',453.60,542,435,199,24,215,1798,483,442),(413,'2019-09-16 00:00:00','Lugo','-7.5626411','42.9782326','Thị Trấn Na Hang','105.3950939','22.3622017',864.90,323,835,208,83,390,3845,140,170),(414,'2019-11-14 00:00:00','Rubiataba','-49.8052085','-15.1662376','Cuozhou','101.925248','35.950418',973.10,316,518,635,233,296,2021,489,500),(415,'2020-02-18 00:00:00','Le Mans','0.1924459','47.9956173','Gaplokan','111.2785407','-6.8907337',21.00,671,265,836,223,54,318,969,195),(416,'2020-02-19 00:00:00','Wonocoyo Utara','111.4365318','-8.2517133','Cergy-Pontoise','2.087826','49.0426',886.70,116,156,23,379,19,4956,433,326),(417,'2019-11-03 00:00:00','Dadong','123.4699481','41.805137','Albuquerque','-106.6478031','35.0820413',334.90,606,726,640,131,283,3225,146,355),(418,'2019-09-30 00:00:00','Obninsk','36.6331065','55.1286462','Subotica','19.6650593','46.1005467',434.00,308,452,232,63,157,4076,209,284),(419,'2020-02-22 00:00:00','Paingar','94.03543','31.19793','Taohuajiang','112.140063','28.520684',303.50,351,757,559,12,24,4394,544,442),(420,'2019-11-11 00:00:00','Kaabong','33.9750018','3.5126215','Dallas','-96.8029489','32.7030883',289.20,240,517,618,58,114,1140,40,337),(421,'2019-11-28 00:00:00','Wangqu','113.900735','33.754058','Al Madīd','44.47337','15.64453',71.90,540,931,238,366,355,3365,388,327),(422,'2019-12-13 00:00:00','Liudu','112.007814','23.07555','Liliana','124.1114621','-9.7040122',868.00,580,392,802,141,160,3402,818,303),(423,'2019-12-14 00:00:00','Caxito','13.6565321','-8.5821947','El Llano','-87.8721602','15.1539332',738.40,108,472,643,146,49,1080,48,132),(424,'2019-09-20 00:00:00','Seka','100.5593109','13.7768017','Charlotte','-80.83','35.22',332.30,774,542,924,88,109,4754,872,439),(425,'2020-01-12 00:00:00','Sepanjang','112.7077638','-7.340531','Zhenziliang','113.28303','39.574695',635.10,359,764,920,321,348,2906,708,118),(426,'2019-11-16 00:00:00','Kombandaru','121.6029824','-8.7876456','Tsaghkunk’','44.8736389','40.5763147',701.40,217,217,67,394,219,4456,485,158),(427,'2019-09-14 00:00:00','Mtambile','39.6969592','-5.3825125','Souflí','26.2992566','41.1943451',526.60,675,596,821,48,40,1760,518,331),(428,'2019-09-10 00:00:00','Guijalo','123.8623691','13.7527691','Dawan','116.341609','39.728885',274.60,314,883,278,124,233,799,953,267),(429,'2019-12-11 00:00:00','Kalianget','109.9094336','-7.337694','Mandepa Barat','113.0036','-6.9888',773.70,800,514,996,89,252,1119,455,111),(430,'2019-11-27 00:00:00','Wum','10.0751331','6.3884374','Al Khāniq','43.7669217','17.736328',173.40,362,528,888,104,68,522,28,323),(431,'2019-11-10 00:00:00','Ad Dīs ash Sharqīyah','49.94778','14.90806','Trondheim','10.4677043','63.4251464',730.00,310,259,994,131,242,4193,495,264),(432,'2019-12-15 00:00:00','Chichigalpa','-87.0299433','12.5679446','Kaji','109.9997446','27.5550535',786.70,652,523,92,350,75,4527,173,113),(433,'2019-11-08 00:00:00','Jermenovci','21.0119834','45.2011955','Sruki','111.8104','-6.8073',870.30,270,587,266,162,31,1241,298,343),(434,'2019-09-25 00:00:00','Donegal','-8.5946591','54.632283','Sepolong Timur','116.435616','-8.6020564',975.00,453,499,631,271,10,613,355,169),(435,'2019-09-14 00:00:00','Tuanjie','103.240546','25.456453','Kenamoen','123.2875','-10.5411',927.30,799,634,461,15,39,4538,466,355),(436,'2019-12-07 00:00:00','Ashford','-6.3828795','53.385304','Dalazi','113.956275','25.704535',154.90,771,359,75,302,121,2610,167,77),(437,'2020-01-05 00:00:00','Sedatiagung','112.7554346','-7.3808411','Susunan','123.0563144','0.5527836',947.80,629,892,608,37,166,2927,175,497),(438,'2019-12-01 00:00:00','Qiankou','118.307062','29.863599','Shilipu','116.489848','39.91554',850.90,653,447,855,338,258,4924,859,183),(439,'2020-01-16 00:00:00','Rivera','-55.5469032','-30.9178625','San Jose','121.0204582','14.5699334',373.10,241,354,916,247,315,1597,960,383),(440,'2019-10-07 00:00:00','Melchor Ocampo','-99.1400807','19.710125','Gandong','111.5498112','-7.3966297',531.00,662,139,90,35,35,200,690,146),(441,'2019-10-25 00:00:00','Mehrān','46.1732912','33.1176647','Almalaguês','-8.3924705','40.1311441',55.40,366,845,426,167,85,4695,974,116),(442,'2019-10-02 00:00:00','Maraial','-35.7625241','-8.817615','Sugihmukti','107.4558555','-7.2026011',405.40,441,154,156,168,204,4216,555,98),(443,'2019-12-29 00:00:00','Uttaradit','100.2130766','17.7308177','Lianfa','120.4520149','32.5483419',848.80,784,678,172,225,44,1954,577,486),(444,'2019-10-05 00:00:00','Setaka','130.4103077','32.5539412','Bonsari','110.1584347','-7.3064311',298.50,102,716,972,143,12,942,863,249),(445,'2019-11-16 00:00:00','Banjar Ponggang','115.2605','-8.3893','Cengjia','109.463987','31.018498',182.10,570,161,233,208,226,4015,105,450),(446,'2019-11-26 00:00:00','Bình Thủy','105.7381017','10.0622567','São Caetano do Sul','-51.0985192','-30.2196952',867.90,797,691,267,390,96,3096,141,77),(447,'2019-10-12 00:00:00','Rio de Moinhos','-8.243037','39.4753881','Sandayong Sur','124.0211737','10.4818973',291.10,609,244,782,71,291,2033,586,363),(448,'2020-01-20 00:00:00','San Jerónimo','-71.893158','-13.54918','Nusajaya','103.6487041','1.424768',430.70,209,170,419,86,373,511,540,27),(449,'2019-12-29 00:00:00','Smolenskaya','38.8019542','44.7891553','Bryansk','34.374358','53.3249623',752.30,188,502,777,376,332,1481,444,116),(450,'2020-01-26 00:00:00','Lebahseri','104.2366983','1.0620859','Dasuhe','124.960413','41.923103',563.80,266,497,489,271,67,1214,819,306),(451,'2019-09-03 00:00:00','Dasiping','124.719659','41.318142','Sapol','121.1893','13.365',529.10,297,674,401,181,261,3630,750,316),(452,'2020-01-26 00:00:00','Nacaome','-87.485158','13.5369065','Jianjun','119.2131226','36.4406171',802.60,791,661,770,355,186,4962,306,312),(453,'2020-02-03 00:00:00','Yampil’','28.2765218','48.2441219','Sekararum','112.757558','-7.294983',443.50,341,302,665,191,250,728,533,296),(454,'2019-11-28 00:00:00','Gayamdesa','111.7197315','-7.1929741','Xixiang','107.766613','32.983101',270.40,650,801,886,335,133,4353,147,46),(455,'2019-12-01 00:00:00','Cergy-Pontoise','2.0768291','49.03353','Makrychóri','22.4914418','39.8037641',788.70,188,207,937,295,160,3288,550,384),(456,'2020-02-13 00:00:00','Sedlčany','14.4266438','49.6605765','Piru','128.1903079','-3.059218',662.70,499,399,820,74,114,440,87,405),(457,'2019-12-02 00:00:00','New Panamao','121.015242','14.5660577','Shuangqiaoping','111.777681','29.264004',21.20,552,665,903,254,192,2297,184,271),(458,'2020-02-01 00:00:00','Lampitak','124.9997742','6.4359224','Jindřichův Hradec','15.1147336','49.0537242',488.20,403,319,396,198,43,2188,677,23),(459,'2020-01-21 00:00:00','Ozëry','38.5734956','54.8539133','Cisalakdesa','107.7517775','-6.7686246',72.80,285,236,819,82,114,4662,819,254),(460,'2020-02-06 00:00:00','Estrela','-51.9640632','-29.501873','Nova Iguaçu','-43.4607419','-22.7561319',702.20,456,462,23,165,36,1316,37,428),(461,'2019-11-27 00:00:00','Sipocot','122.9760543','13.7643349','Dodola','39.1803741','6.9791945',535.40,178,462,977,24,48,3980,701,322),(462,'2020-01-30 00:00:00','Joal-Fadiout','-16.8502879','14.1811693','Shijie','113.8131','23.09964',944.80,391,533,92,303,166,541,924,317),(463,'2019-09-29 00:00:00','Boden','21.7053767','65.821212','Halle','12.0365785','51.4787653',664.50,602,382,493,376,258,2199,246,36),(464,'2019-12-11 00:00:00','Cheremshan','51.5020158','54.659677','Heret','106.7996647','-6.1999592',488.90,240,504,413,122,327,2883,963,469),(465,'2019-09-06 00:00:00','Rokytnice','17.9821893','49.3259705','Komi','107.1032236','-6.3145542',982.30,338,454,412,206,148,2374,170,290),(466,'2019-11-03 00:00:00','Georgetown','-61.1213871','13.28386','Jakusko','10.8903099','12.4917999',334.40,745,437,494,38,63,482,427,299),(467,'2020-02-13 00:00:00','Hullo','23.2416861','58.991981','San Isidro','-99.1985584','19.482042',340.40,390,334,951,10,359,3096,647,198),(468,'2020-02-18 00:00:00','Mache','-78.5341407','-8.0305818','Cimahi','107.5413039','-6.8840816',79.00,275,198,853,362,290,1135,942,260),(469,'2019-12-18 00:00:00','Punta Arenas','-70.9170683','-53.1638329','Yangpu','121.525727','31.259822',205.60,359,291,757,324,244,3470,720,208),(470,'2020-02-24 00:00:00','Kasamatsuchō','136.524372','34.6330462','Hujia','116.4606871','39.9226132',740.00,470,855,297,10,82,312,256,47),(471,'2019-10-07 00:00:00','Paris 17','5.8978018','43.4945737','Bumbuna','-11.7481137','9.0453708',708.50,527,331,584,19,298,2529,177,352),(472,'2020-01-27 00:00:00','Mikołów','18.9067921','50.1674668','Nai Harn','98.3031575','7.7785093',834.00,521,189,711,50,123,2627,568,85),(473,'2019-12-20 00:00:00','Gansa','104.2861116','35.7518326','Klukeng','123.0856','-8.3965',218.80,357,363,802,154,365,4592,925,176),(474,'2019-11-19 00:00:00','Sakaraha','44.5266466','-22.9106154','Ptení','16.9405351','49.5172959',441.10,630,389,344,193,399,759,168,119),(475,'2019-10-01 00:00:00','Los Cerrillos','-56.3628409','-34.6090822','Serowe','26.7142835','-22.4036831',383.80,534,563,115,71,294,1274,985,227),(476,'2019-09-08 00:00:00','Xiangqiao','116.628627','23.674387','Ashikaga','139.5356365','36.2761885',757.40,253,779,500,71,227,4913,13,275),(477,'2019-11-05 00:00:00','Kembang','110.8171082','-6.4712737','Pancur','111.466342','-6.7183784',356.10,785,831,907,237,284,2458,779,52),(478,'2020-02-18 00:00:00','Bungkal','111.4559084','-8.0026625','Sérifos','24.4886232','37.1562778',377.90,517,249,20,306,138,4710,678,242),(479,'2019-12-26 00:00:00','Trelleborg','13.2348803','55.4024162','Artemisa','-82.7589859','22.8159074',359.40,383,885,610,384,388,1711,945,197),(480,'2019-09-03 00:00:00','Coruripe','-36.2196853','-10.0519585','Nikita','34.2353848','44.5143074',145.40,360,724,90,35,35,200,937,199),(481,'2020-01-10 00:00:00','Longshan','125.136451','42.901533','Polanica-Zdrój','16.5148115','50.4119089',808.40,350,887,213,259,262,2526,28,74),(482,'2019-12-26 00:00:00','Nickby','25.2708919','60.3763373','Nyagan','65.5542239','62.471883',542.70,800,482,538,268,123,2544,977,278),(483,'2019-10-14 00:00:00','Igarra','6.107645','7.2754704','Lampari','124.789568','6.382615',395.80,579,507,412,49,139,1213,869,404),(484,'2019-09-22 00:00:00','Cabiao','120.857473','15.2401348','Tambaksumur','112.7792692','-7.3468093',549.10,137,381,785,223,322,4191,719,147),(485,'2020-01-10 00:00:00','Armenta','-88.0350859','15.5724296','Pora','121.8363339','-8.8313638',506.50,305,775,305,83,112,4426,220,160),(486,'2019-09-15 00:00:00','Sadang Kulon','109.7264281','-7.500242','Maogou','103.307618','35.657584',238.80,213,681,733,399,250,3264,18,85),(487,'2019-12-26 00:00:00','Futaleufú','-71.8667','-43.1833','Delanggu','110.692877','-7.6142101',89.90,603,912,73,62,371,1826,138,91),(488,'2020-01-19 00:00:00','Motegi','130.6358305','32.968121','Kap Choeng','103.5905415','14.4769135',760.20,683,371,958,49,133,810,235,94),(489,'2020-01-22 00:00:00','João Pessoa','-34.8450118','-7.1194958','Āshkhāneh','56.9267259','37.5544156',314.60,645,115,115,182,255,3453,314,28),(490,'2020-02-04 00:00:00','Maştağa','50.0035678','40.5329933','Mina de São Domingos','-7.4966456','37.6729124',485.90,761,546,836,200,255,4143,976,182),(491,'2019-12-21 00:00:00','Falun','15.6105128','60.5734263','Karangturi','110.4329118','-6.9895044',485.60,584,268,828,369,365,1527,907,363),(492,'2019-11-11 00:00:00','Čoka','20.1591006','45.9469236','Sumenep','113.9060624','-6.9253999',790.50,347,531,847,71,346,2535,985,490),(493,'2019-10-19 00:00:00','Kāshān','51.4099625','33.9850358','Potoru','-11.4779299','7.5048177',143.20,799,900,655,314,269,4738,355,204),(494,'2019-12-27 00:00:00','Gayabaru','122.7802357','-5.6596839','Nanyulinxi','112.68142','39.20892',17.60,179,496,937,238,240,3414,303,270),(495,'2019-11-15 00:00:00','Kholbon','116.25','51.88333','Lucé','3.95435','45.9028599',429.50,302,410,486,323,119,3709,344,470),(496,'2019-09-14 00:00:00','Zhongshi','113.39277','22.517585','Bouillon','5.1214901','49.8417042',150.40,713,735,857,125,10,439,102,53),(497,'2019-12-20 00:00:00','Wangda','120.0531443','28.9141178','Nakhabino','37.1414146','55.8389853',801.60,158,620,705,230,167,274,640,282),(498,'2020-01-02 00:00:00','Beidaihehaibin','119.4891595','39.8230099','Jiale','120.936058','31.385952',516.20,433,126,876,293,36,172,599,158),(499,'2019-10-01 00:00:00','Narukan','111.5840933','-6.6966609','Haukipudas','25.5341339','65.2012319',956.80,708,693,719,71,378,3642,947,186),(500,'2019-10-03 00:00:00','Karkkila','24.2916372','60.5061173','Pishaj','20.18278','40.88111',917.20,796,919,430,392,14,2807,755,287),(501,'2019-09-26 00:00:00','Mazongling','111.034516','28.512467','Ferraz de Vasconcelos','-46.3660676','-23.5441298',321.30,233,350,191,148,247,135,151,2),(502,'2019-11-14 00:00:00','Hanzhong','107.023323','33.06748','Cipadung Timur','107.7177302','-6.9253881',327.80,668,378,847,151,347,1686,647,64),(503,'2020-01-19 00:00:00','Jingchuan Chengguanzhen','107.367016','35.343194','Jingzhou','112.239631','30.335237',519.40,686,779,260,185,79,66,782,300),(504,'2019-10-11 00:00:00','Nowe Warpno','14.2891772','53.7222428','Seixal','-9.0955246','38.6407826',739.50,165,717,762,204,103,2516,536,90),(505,'2020-02-09 00:00:00','Tambo','120.9812921','14.5155311','Valinhos','-47.0060226','-22.9763629',776.50,328,944,154,314,382,2311,707,276),(506,'2020-02-25 00:00:00','Shilovo','40.8909987','54.3266413','Bolhos','-9.2859032','39.3072275',197.60,560,358,18,359,220,4165,448,405),(507,'2020-02-04 00:00:00','Chiba','104.195397','35.86166','Odiong','122.489398','11.536819',178.70,344,148,430,59,214,245,116,261),(508,'2020-01-01 00:00:00','Xiehu','120.1502699','30.2427011','Baru','108.2941031','-2.8534379',309.50,240,458,863,364,253,1962,384,494),(509,'2019-12-19 00:00:00','Luts’k','25.325383','50.747233','Chengfeng','118.963532','25.867277',55.30,791,416,590,209,112,1732,574,160),(510,'2020-02-21 00:00:00','Daliyuan','98.43503','25.387227','Nanjiao','113.149693','40.005404',366.80,471,766,174,173,384,1392,443,322),(511,'2019-11-16 00:00:00','Abreu e Lima','-34.8987086','-7.9011493','Dalu','100.267638','25.606486',124.00,500,725,943,133,215,3322,415,209),(512,'2019-12-12 00:00:00','Lavezares','124.3498568','12.5369765','Villa Hayes','-57.527801','-25.0913166',70.60,445,740,754,112,168,348,603,79),(513,'2019-10-16 00:00:00','Bárrio','-8.3119724','41.632769','Khawrah','46.15435','14.43201',438.70,304,439,953,262,284,3132,174,58),(514,'2019-10-16 00:00:00','Rizal','121.1092186','14.5665378','São Mateus','-28.4586574','38.4331962',706.20,310,276,597,394,167,501,793,63),(515,'2020-02-06 00:00:00','North Little Rock','-92.2679632','34.8468777','Mosteiro','-7.9582137','41.0874823',84.50,750,129,724,105,343,2367,299,67),(516,'2019-09-24 00:00:00','Xinxu','114.333767','22.863502','Ma‘arrat an Nu‘mān','36.6795425','35.6479869',113.50,424,550,898,66,247,873,224,270),(517,'2019-12-19 00:00:00','Pohang','129.3434808','36.0190178','São Martinho de Árvore','-8.5533397','40.2191082',15.20,365,753,377,135,137,1675,923,388),(518,'2019-11-03 00:00:00','Pogwizdów','18.6107307','49.8073475','La Roche-sur-Yon','-1.4517985','46.7152613',824.70,342,749,666,38,275,1085,808,52),(519,'2019-12-05 00:00:00','Gelgaudiškis','22.97583','55.07917','Gubeikou','117.163821','40.692169',824.30,483,136,194,97,273,533,126,288),(520,'2019-09-25 00:00:00','Mungyeong','128.1867972','36.586148','El Progreso','-87.8058402','15.3843415',917.80,495,808,90,35,35,200,618,112),(521,'2019-12-10 00:00:00','Corani','-70.647842','-13.88991','Le Port','55.327338','-20.94333',395.60,305,970,912,392,145,4488,972,354),(522,'2019-10-03 00:00:00','Anjirserapat','114.533333','-3.233333','Jardoeira','-8.8344377','39.6678843',193.60,525,897,663,286,179,2479,292,486),(523,'2019-12-07 00:00:00','Bajingmeduro','111.6712894','-6.7497763','Maykopskoye','39.8885098','44.7400375',677.60,673,401,393,170,13,4296,787,470),(524,'2019-10-21 00:00:00','Novopokrovskaya','45.1806143','57.9330635','Selorejo','112.5394091','-7.938718',853.40,202,665,842,143,60,3793,406,338),(525,'2019-09-07 00:00:00','Artemivs’k','37.9980367','48.5986674','Clonskeagh','-6.2387374','53.3141205',812.10,272,593,810,369,227,117,855,179),(526,'2019-10-29 00:00:00','Birao','22.7822485','10.2933091','Priekule','21.5989599','56.4482379',207.60,567,416,680,399,70,3675,241,280),(527,'2019-11-25 00:00:00','Gelin','110.179953','25.234479','Balangiga','125.3867985','11.1138152',736.50,687,529,230,46,220,4823,598,480),(528,'2020-01-27 00:00:00','Xingzhen','109.449831','34.931466','Banbalah','10.8','35.7',876.00,715,805,303,119,312,3425,106,24),(529,'2019-09-04 00:00:00','Divnomorskoye','38.1300171','44.5047212','Jeleuk','95.3286078','5.5304798',960.70,482,314,13,383,26,4916,715,33),(530,'2019-10-09 00:00:00','Pļaviņas','25.725792','56.6182449','Hastings','176.8270545','-39.6241126',482.80,124,797,508,358,122,3236,272,351),(531,'2020-01-03 00:00:00','Idrija','14.0278459','46.0029454','Narutō','140.410859','35.6083867',774.40,557,239,822,196,275,4603,742,183),(532,'2019-10-25 00:00:00','Zaandam','4.8501344','52.435251','Simo','25.0673009','65.6661479',390.00,192,823,751,327,148,4023,686,282),(533,'2019-12-11 00:00:00','Trujillo','-85.9534465','15.9116789','Aqsū','79.467517','45.6103043',17.70,522,702,93,331,146,4144,714,316),(534,'2020-01-14 00:00:00','Kamina','24.9872821','-8.7368981','Baitao','110.547966','25.66788',969.20,647,450,419,338,357,1002,550,412),(535,'2019-12-22 00:00:00','Uthai Thani','100.0501736','15.429396','Rancho Nuevo','-100.9256085','22.2222241',194.90,710,514,753,63,305,1598,325,256),(536,'2019-12-27 00:00:00','Campraksanta','106.0776','-6.3019','Huangnaihai','102.009491','35.615489',775.30,191,742,325,65,395,3956,200,286),(537,'2020-02-01 00:00:00','Azacualpa','-88.0876336','14.7121689','Chitagá','-72.4731529','6.9725887',480.60,642,539,833,31,48,2359,269,445),(538,'2019-10-21 00:00:00','Basco','121.9685567','20.448773','Jongīyeh','48.61667','31.25583',876.10,280,803,590,298,381,4059,206,474),(539,'2019-12-26 00:00:00','Ţūlkarm','35.0239857','32.3194054','Kabūdarāhang','48.7241621','35.2113383',622.50,383,676,214,74,245,60,641,352),(540,'2020-01-22 00:00:00','Leipzig','12.3634475','51.3383504','Moog','124.4695397','8.6076919',564.60,289,167,798,134,266,3264,330,200),(541,'2020-02-21 00:00:00','Cabinda','12.1927103','-5.5775197','Itabaiana','-37.4329352','-10.6872332',395.50,351,825,891,41,259,4310,436,212),(542,'2020-01-07 00:00:00','Galesong','119.3831026','-5.3383734','Rios Frios','-8.4732946','40.27638',766.60,387,832,728,171,181,2120,636,37),(543,'2019-09-12 00:00:00','Cláudio','-44.7653198','-20.4438418','Eadestown','-6.590926','53.1936864',549.30,297,109,462,253,299,4000,465,135),(544,'2019-11-30 00:00:00','Malabang','124.0735387','7.591829','Qiying','115.554108','32.60704',438.70,731,584,743,71,385,3541,706,80),(545,'2019-11-22 00:00:00','Aranđelovac','20.5613514','44.3037425','Snizhne','38.7656121','48.0282789',338.00,523,503,639,17,16,4097,483,183),(546,'2019-09-17 00:00:00','Kommunisticheskiy','64.4755218','61.6787713','Baracoa','-74.5023819','20.3474809',954.90,537,797,364,173,368,4188,939,52),(547,'2019-11-26 00:00:00','Hägersten','18.0023078','59.305486','Gurupi','-49.0686083','-11.7283752',539.90,618,321,339,119,217,949,718,476),(548,'2020-01-19 00:00:00','Quỳ Châu','105.0791228','19.5463056','Yinkeng','-122.8049523','38.5484731',357.60,693,867,795,106,134,4311,88,496),(549,'2019-10-06 00:00:00','Ushibuka','130.02554','32.19537','Fatikchari','91.714958','22.7537259',463.50,182,416,447,226,91,1585,269,276),(550,'2020-01-21 00:00:00','Xylaganí','25.4219873','40.9765733','Ḩawsh ‘Īsá','30.29018','30.9128',670.10,709,113,356,12,72,4721,251,250),(551,'2019-09-16 00:00:00','Longjin','129.427066','42.76631','Oton','121.0412323','14.5569016',615.70,115,200,922,393,102,3464,637,349),(552,'2019-12-10 00:00:00','Getafe','-3.7371617','40.3111887','Zhangjiawan','104.969819','31.686188',782.20,798,894,742,295,133,2228,49,159),(553,'2020-01-12 00:00:00','Zator','19.4374699','49.99621','Cane','-87.6568799','14.279014',535.80,181,920,127,84,255,588,934,332),(554,'2019-12-09 00:00:00','Minūf','30.9305801','30.4659284','Cipadung Timur','107.7177302','-6.9253881',503.80,211,102,878,136,294,312,700,407),(555,'2019-10-17 00:00:00','Obando','-75.972669','4.575601','Hilversum','5.1704277','52.2239735',316.20,598,299,954,315,19,2636,464,108),(556,'2019-09-16 00:00:00','Buikwe','32.9888319','0.3144046','Asheville','-82.4874499','35.5873507',662.90,192,764,182,151,372,4184,347,295),(557,'2019-10-21 00:00:00','Ica','-75.7341811','-14.07546','Qingyang','107.643631','35.709077',978.50,274,641,106,82,46,3147,505,393),(558,'2019-10-14 00:00:00','Huashi','112.726555','27.511611','Río Cuarto','-58.5922883','-34.7564693',629.40,234,326,287,26,249,1033,784,115),(559,'2019-09-06 00:00:00','Laojun','111.648408','33.755453','Leskovec pri Krškem','15.4773182','45.9402271',284.90,728,252,559,400,295,3155,35,134),(560,'2019-10-09 00:00:00','Jundiaí','-46.8337604','-23.2074329','Waenenda','120.6359','-8.4539',499.70,233,867,90,35,35,200,266,199),(561,'2019-12-16 00:00:00','Chatan','127.7616484','26.3039206','Vacaria','-50.9289246','-28.3276327',89.50,682,208,358,207,337,3770,184,214),(562,'2020-01-07 00:00:00','Estância Velha','-51.1848488','-29.6540396','Kezileboyi','76.54461','39.386508',758.80,321,687,384,233,149,1425,373,247),(563,'2019-11-20 00:00:00','Palampal','113.7517','-6.967','Linares','-71.5996137','-35.846407',306.60,172,748,498,387,88,4870,182,460),(564,'2019-09-11 00:00:00','Ungaran','110.4098775','-7.1364308','Staraya Russa','31.3547855','57.9895226',638.70,230,733,394,309,336,1792,380,254),(565,'2019-09-22 00:00:00','Sayansk','91.8814443','54.1491581','Vidovci','17.7149287','45.3306087',871.00,229,678,395,16,98,4509,999,150),(566,'2019-10-14 00:00:00','Malahide','-6.1479779','53.450694','Leigongmiao','111.626472','29.25486',268.90,428,901,747,210,59,2734,94,440),(567,'2019-09-17 00:00:00','Dadamtu','81.318189','43.977331','Pilzno','21.29492','49.97976',524.50,348,157,118,253,120,3856,338,128),(568,'2019-09-01 00:00:00','Kali','115.161102','-1.556592','Jingguan','106.570188','29.895386',174.60,191,686,377,22,253,724,592,207),(569,'2019-12-10 00:00:00','Monte Alegre','-35.4124355','-6.0912649','Paracuru','-39.0303806','-3.4142906',668.90,240,864,596,184,152,4259,695,275),(570,'2019-11-11 00:00:00','Qidi','121.1174238','30.1787074','Gantang','99.200253','24.063883',857.20,355,726,971,341,344,1699,466,104),(571,'2019-12-01 00:00:00','Hägersten','17.9981495','59.3015113','Jinrongjie','126.7075176','45.7873408',698.40,669,450,30,292,175,469,221,243),(572,'2020-01-20 00:00:00','Vrdy','15.4598339','49.9287189','Sucre','-65.2619615','-19.0195852',112.50,274,581,500,113,328,3511,467,87),(573,'2019-12-03 00:00:00','Tegalloa','106.9600711','-7.2510084','Madrid','-3.6673942','40.500471',339.00,271,948,894,395,184,1497,769,112),(574,'2019-12-18 00:00:00','Otradnoye','37.621698','55.86328','Yunxi','110.425983','32.993182',743.80,515,113,37,162,246,44,872,100),(575,'2019-11-23 00:00:00','Barreiras','-8.5873037','41.6579624','Sandweiler','6.2379992','49.6235379',511.50,262,133,890,97,162,2845,361,439),(576,'2020-01-11 00:00:00','Ferraz de Vasconcelos','-46.3660676','-23.5441298','Dankunku','-15.3262905','13.5712781',514.20,599,131,344,379,276,2784,182,273),(577,'2019-10-14 00:00:00','Birštonas','24.0304672','54.6041651','Desnogorsk','33.2878545','54.152383',724.20,460,811,530,131,211,490,265,223),(578,'2019-09-03 00:00:00','Golomunta','120.5128','-8.4636','Randu','109.8633501','-7.0179759',283.40,753,793,411,284,107,1931,749,343),(579,'2020-01-23 00:00:00','Cícero Dantas','-38.4429274','-10.5732996','Hrušica','14.0197219','46.4476799',130.50,584,772,605,74,256,1313,239,42),(580,'2020-02-25 00:00:00','Tyoply Stan','37.4919828','55.6042276','Siuna','-84.7811621','13.7405282',623.30,240,287,202,42,32,2818,479,288),(581,'2019-11-07 00:00:00','Phra Phrom','99.923859','8.3373304','Annan','-3.2575562','54.9872681',614.40,113,766,993,383,72,4350,408,103),(582,'2019-11-16 00:00:00','Ban Na Muang','100.6101543','13.6694549','Brea Pozo','-66.8679635','-29.4484468',350.10,480,583,958,36,126,4792,805,472),(583,'2020-01-16 00:00:00','Xianghu','120.234391','30.167585','San Andres','121.0059518','14.4693883',574.10,502,364,641,104,141,1133,426,198),(584,'2019-09-08 00:00:00','Jielin','126.4371385','43.1520105','Fangbu','119.574986','31.750277',641.20,508,815,178,122,76,2197,393,130),(585,'2019-09-18 00:00:00','Talca','-71.6484804','-35.4232444','Caromatan','123.7330073','7.7762319',653.70,178,828,436,346,47,4516,973,487),(586,'2019-09-24 00:00:00','Adolfo Lopez Mateos','-98.9545512','19.3852368','Chusovoy','57.783316','58.249304',359.40,332,179,177,363,250,4581,144,458),(587,'2019-11-11 00:00:00','Brněnec','16.522025','49.6273493','Viçosa','-37.9466737','-5.98978',501.10,674,255,105,391,150,3540,118,21),(588,'2019-09-21 00:00:00','Gros Morne','-72.6757236','19.6677746','Twyford','-0.922509','52.683916',830.50,180,660,106,377,396,2700,565,421),(589,'2019-10-14 00:00:00','Wangkung','120.4415242','-8.2922696','Orodo','7.0364022','5.6165948',458.90,620,578,468,130,166,899,712,430),(590,'2020-01-24 00:00:00','Shitan','112.723615','27.754532','Tata','-7.9756343','29.750877',30.70,632,713,237,256,399,1187,805,475),(591,'2019-10-07 00:00:00','Avignon','1.820875','47.5113895','Yanacancha','-75.416667','-12.2',123.20,257,173,396,222,242,1755,304,443),(592,'2020-01-05 00:00:00','Wuxiang','112.864561','36.837625','Ngurenrejo','111.0892601','-6.6913793',465.40,143,959,518,302,57,1008,371,49),(593,'2020-01-07 00:00:00','Sinamar','121.5863465','17.1613952','Queimados','-43.5522256','-22.7106685',265.30,209,995,636,233,229,1256,950,290),(594,'2019-12-22 00:00:00','Pewel Wielka','19.4151148','49.6574026','Georgīevka','78.2041704','52.7572749',399.70,601,974,174,105,260,4049,486,202),(595,'2019-11-25 00:00:00','Krajan C Wonorejo','110.2498957','-6.9561332','Wādī al ‘Uyūn','36.1925483','34.9978522',92.10,179,483,893,259,200,199,842,207),(596,'2019-09-08 00:00:00','Bussum','5.162358','52.2766397','Luoping','104.308675','24.884626',638.90,780,229,12,244,133,4840,988,492),(597,'2019-12-18 00:00:00','Chenqiao','120.158598','30.327543','Kuragaki-kosugi','137.1426455','36.7336287',575.90,591,659,23,22,242,462,828,315),(598,'2019-12-13 00:00:00','Simod','120.3093044','16.0120719','Nglengkir','111.5140386','-6.9175575',435.60,166,920,741,110,319,2432,924,326),(599,'2020-02-01 00:00:00','Bandhagen','18.0094438','59.25863','Bua Yai','102.4253001','15.5835978',814.40,536,412,322,226,360,4800,487,387),(600,'2020-02-12 00:00:00','Baiquan','126.100213','47.59585','La Loma','-99.2577715','19.3608203',137.30,489,991,90,35,35,200,572,490),(601,'2020-02-02 00:00:00','Nowshahr','51.4887307','36.649364','Fengkou','120.477813','37.646108',952.30,749,942,187,149,352,969,689,321),(602,'2019-09-02 00:00:00','Xincheng','108.960747','34.26645','Palmas','-48.3242858','-10.249091',195.70,601,465,104,234,38,1616,475,139),(603,'2019-11-02 00:00:00','Tekstil’shchiki','37.7470313','55.6949907','Troyes','4.0710348','48.3006708',554.50,203,531,267,269,217,3673,544,122),(604,'2019-09-30 00:00:00','Khōshī','69.4307821','34.0136456','Jingyu','126.8080369','42.383271',233.10,107,424,880,74,323,546,298,205),(605,'2019-11-25 00:00:00','Żywiec','19.2224417','49.6496394','Dřiteň','14.3459973','49.1409438',734.90,784,604,887,11,236,439,182,460),(606,'2019-12-16 00:00:00','Pajala','17.8737269','59.3630303','Abū Qalqal','38.11984','36.43806',183.00,450,791,523,329,348,3839,427,219),(607,'2019-09-15 00:00:00','Saint-Rémi','-73.61588','45.26678','Sanhe','117.078294','39.982718',552.80,714,627,511,282,361,3754,642,55),(608,'2019-11-05 00:00:00','Nizhneivkino','49.5179263','58.1951391','Zakliczyn','20.8093376','49.8557953',660.50,298,517,652,173,243,1570,674,203),(609,'2019-09-11 00:00:00','Lunang','94.799435','29.943539','Sidem','111.8002195','-8.0568365',328.00,729,198,30,40,146,4808,536,146),(610,'2019-10-18 00:00:00','Tarascon','3.8481099','44.1640152','Huzhou','120.086809','30.89441',910.40,307,122,942,84,112,1928,10,87),(611,'2019-12-03 00:00:00','Gabahan','110.4269535','-6.9796136','Velenje','15.1107601','46.3499163',71.90,719,934,291,252,274,4574,160,367),(612,'2019-12-21 00:00:00','Drohiczyn','22.6585778','52.4003253','Derviçian','20.1789757','40.0316754',371.10,622,505,378,179,295,4519,437,474),(613,'2019-11-13 00:00:00','Yebaishou','100.222545','26.641315','San Pedro Necta','-91.765785','15.4910185',905.60,701,310,959,290,71,2177,722,92),(614,'2019-12-31 00:00:00','Åkersberga','18.2397247','59.4746074','Krasica','13.6968992','45.3836941',42.90,102,403,528,152,158,2208,178,102),(615,'2019-10-28 00:00:00','Purwokerto','109.2396366','-7.4242782','Thạnh Mỹ','105.1609838','10.5308066',689.20,150,936,309,197,342,4137,144,123),(616,'2019-10-08 00:00:00','Bantogon','124.03333','6.53333','Nogliki','104.3213093','52.2795871',667.30,608,770,287,153,167,1288,191,489),(617,'2020-02-15 00:00:00','Az Zuwaytīnah','20.1194129','30.9541295','Inđija','20.0808092','45.0485391',841.90,523,999,917,69,333,4888,581,382),(618,'2019-09-15 00:00:00','Jinyuan','112.47794','37.715193','Lechinkay','43.4277773','43.5594247',69.50,781,593,801,105,191,1530,348,294),(619,'2019-11-29 00:00:00','Kálymnos','26.9807653','36.9522824','Lipu','110.395104','24.488342',770.90,629,137,844,203,21,141,626,481),(620,'2019-12-15 00:00:00','Tall aḑ Ḑamān','37.2530686','35.8082177','Vellinge','13.0125224','55.4738346',287.20,743,245,297,273,37,2905,524,474),(621,'2019-10-14 00:00:00','Nałęczów','20.3798933','51.240387','Guohuan','119.117992','25.474787',12.50,339,717,322,385,245,1785,291,131),(622,'2019-09-03 00:00:00','Florentino Ameghino','-64.1582003','-31.3540428','Toshloq','71.8334145','40.5270236',205.50,519,897,279,225,81,302,316,86),(623,'2019-11-23 00:00:00','Próti','21.39509','40.8153071','Havirga','113.08333','45.66667',908.90,727,343,874,302,275,4347,70,191),(624,'2019-12-05 00:00:00','Maji','106.009915','34.34866','Lavrica','14.5753497','46.0036703',586.30,503,331,731,306,170,4351,721,62),(625,'2019-09-04 00:00:00','Jieheshi','111.721281','30.006284','Umanday Centro','120.1907996','15.9448806',620.30,147,124,641,113,248,3569,21,189),(626,'2019-10-19 00:00:00','Oyskhara','46.2407529','43.2608797','Mueang Phuket','98.3227892','7.9247693',612.30,298,765,601,238,283,3790,960,294),(627,'2019-10-15 00:00:00','Umi','130.5635665','33.5610062','Kapan','46.4067952','39.2077209',41.50,756,530,67,46,385,2524,493,415),(628,'2019-10-02 00:00:00','Shuinanxu','116.490286','26.83411','Huangbei','115.744112','24.412155',454.70,137,195,282,359,273,2735,803,370),(629,'2019-12-30 00:00:00','Ulanov','28.1308882','49.6911273','Phoenix','-112.0837471','33.492776',533.30,655,841,566,339,136,1374,492,112),(630,'2020-01-14 00:00:00','Chư Sê','108.0954351','13.7399629','Rancagadog','106.7023304','-7.0131132',437.90,303,432,779,261,73,967,826,172),(631,'2020-02-08 00:00:00','Zbraslav','16.2941515','49.2215531','Covão da Carvalha','-8.736667','39.55699',726.10,759,774,853,317,211,99,552,258),(632,'2019-10-31 00:00:00','Promissão','-49.8569266','-21.5354088','Porangatu','-49.284143','-13.3498444',69.90,627,674,615,297,198,4921,834,201),(633,'2019-09-07 00:00:00','Cabriz','-9.3854336','38.8179787','Zhongzuiling','113.794351','28.285873',169.00,309,713,974,285,107,2109,405,266),(634,'2020-02-22 00:00:00','Azinhal','-7.4666729','37.2848363','Conselheiro Lafaiete','-43.7850227','-20.6639305',249.00,210,999,659,214,364,748,489,257),(635,'2020-01-04 00:00:00','Xinglong','117.500558','40.417358','Yotsukaidō','140.164927','35.662808',491.00,477,844,774,86,352,4119,441,168),(636,'2019-10-27 00:00:00','Anin','124.5915966','-9.8374219','Gasi','93.812858','31.092719',302.80,493,758,308,370,135,3890,71,495),(637,'2019-12-19 00:00:00','Dole','5.3618974','46.8525293','Karangdalam','103.517665','-3.8553872',591.40,752,679,657,383,106,1773,755,400),(638,'2019-09-07 00:00:00','Mariano Moreno','-58.3124766','-34.7061803','Luanda','13.2894368','-8.8399876',50.30,684,845,700,232,357,4704,101,493),(639,'2019-09-19 00:00:00','Ḑubāh','44.13108','14.49052','Mali','88.341817','22.601282',365.10,564,931,884,182,301,2375,562,460),(640,'2019-11-27 00:00:00','Louisville','-85.6794434','38.2214782','Semënov','44.5018318','56.7889481',399.40,269,411,90,35,35,200,703,333),(641,'2019-11-23 00:00:00','Camplong','113.34663','-7.1846561','Nam Som','102.1175404','17.7177253',92.30,790,330,335,390,83,2352,82,380),(642,'2019-12-26 00:00:00','Senduro','113.0369406','-8.0295271','Nelson','-117.2948343','49.4928119',939.30,448,314,361,391,85,478,102,282),(643,'2019-12-16 00:00:00','Archángelos','28.116926','36.2145292','Xingbin','109.183333','23.72892',560.50,715,498,760,252,132,3337,762,213),(644,'2019-10-03 00:00:00','Pont Cassé','-61.344385','15.38447','Easington','-76.579165','17.9179214',854.70,102,393,435,203,73,3890,37,451),(645,'2020-01-11 00:00:00','Shiree','96.80311','47.49714','Feuknoni','124.5163','-9.8502',784.30,203,972,287,278,51,3338,371,256),(646,'2020-01-29 00:00:00','Kungur','56.969379','57.414834','Jiuhua','117.8333333','30.4333333',303.40,197,290,862,27,85,717,181,473),(647,'2020-01-24 00:00:00','Barili','123.540401','10.122667','Lindi','39.6982485','-9.9876076',757.90,124,458,541,157,129,1948,830,292),(648,'2019-12-12 00:00:00','Zhuxing Chaoxianzu','126.9826111','47.73021','Cisitu','108.059866','-6.8390238',886.40,122,707,201,376,387,4809,705,60),(649,'2019-09-24 00:00:00','Vénissieux','4.8750727','45.7164219','Béré','16.1610343','9.316446',187.60,235,418,267,164,251,54,945,249),(650,'2019-12-05 00:00:00','Kirovskiy','133.3129158','45.1248093','Fengmu','110.019489','19.214452',222.10,371,747,669,306,215,256,174,239),(651,'2020-01-02 00:00:00','Hasan','19.7041069','41.4744811','Sidi Bouzid','9.4839392','35.0354386',268.40,696,865,458,363,306,2183,467,193),(652,'2019-10-13 00:00:00','Yanggu','127.9898825','38.1100701','Si Satchanalai','99.7790227','17.4161103',885.50,765,679,398,380,55,3847,233,457),(653,'2019-10-21 00:00:00','Barreirinhas','-42.8236209','-2.759','Eckerö','19.5595375','60.2231622',542.90,367,742,399,315,174,2827,93,417),(654,'2019-12-30 00:00:00','Gengzhuang','122.726063','40.980653','Saint-Quentin-en-Yvelines','2.0439219','48.7835538',721.50,173,297,537,27,210,1417,584,283),(655,'2019-10-15 00:00:00','Liangshan','102.267712','27.88157','Bohicon','2.0714223','7.1797684',40.80,223,285,191,303,207,344,262,486),(656,'2019-11-22 00:00:00','Pásion','22.7275436','38.0134548','Dolores','-86.2183907','11.8554828',608.10,239,173,952,240,256,2510,355,464),(657,'2019-09-05 00:00:00','Sanankerto','112.7420274','-8.1512742','Songlong','-84.4578361','39.1971979',933.60,736,617,678,80,387,2468,437,305),(658,'2019-09-13 00:00:00','Chyżne','19.6808046','49.417735','Tsukuba','139.4593556','36.1029484',569.70,115,283,840,360,13,505,54,55),(659,'2019-12-21 00:00:00','Kuala Belait','114.2212174','4.5831986','Pinhal de Frades','-9.0880453','38.5961493',269.80,773,727,468,75,58,31,175,192),(660,'2019-09-04 00:00:00','São Sebastião do Caí','-51.3738524','-29.5904737','Końskowola','22.051777','51.4090959',762.30,457,191,757,306,118,4154,159,410),(661,'2019-09-28 00:00:00','San Ignacio de Tupile','-78.154779','9.262717','Kampokpok','124.3516731','11.3331243',541.00,217,235,359,272,279,3801,3,483),(662,'2020-01-23 00:00:00','Ikey','37.4008401','55.9100899','Luti','104.0301606','1.12808',736.10,136,586,712,77,102,3004,926,253),(663,'2020-02-05 00:00:00','Villa de Soto','-65.004236','-31.7387876','Chuqui Chuqui','-65.1202564','-18.8273274',967.00,330,124,890,209,15,1786,275,188),(664,'2020-01-26 00:00:00','Moss','10.65544','59.4281489','Kivijärvi','25.0747115','63.1199384',740.50,639,299,93,299,273,1565,114,146),(665,'2020-02-03 00:00:00','San Antonio','121.0075554','14.5508865','Évlalo','24.802714','40.981773',432.80,336,378,588,187,39,3750,730,229),(666,'2020-01-22 00:00:00','Chía','-74.0325368','4.8615787','Parumasan','108.0509743','-7.5229136',412.30,248,952,941,167,180,838,842,99),(667,'2020-01-26 00:00:00','Munkedal','11.6761027','58.4592933','Shensuo','114.030161','24.945573',810.70,770,501,445,345,33,3911,516,246),(668,'2020-01-06 00:00:00','Rashaant','101.449837','49.1169513','Kostanay','63.6354232','53.2198089',467.70,664,881,514,154,132,3151,187,308),(669,'2019-12-02 00:00:00','Şūr','59.5066376','22.5652759','Sainte-Anne-des-Monts','-66.49243','49.12402',595.20,346,979,915,256,338,4827,240,400),(670,'2020-01-12 00:00:00','Bulls','175.2929384','-40.1929865','Kréstena','21.6206833','37.5923591',479.90,486,967,948,378,255,2648,102,458),(671,'2019-09-17 00:00:00','La Motte-Servolex','5.8745347','45.5973849','Drawno','15.75932','53.21983',386.30,719,746,213,255,70,3282,303,379),(672,'2019-09-09 00:00:00','Czerwin','21.8130562','52.958936','Ibaraki','135.1445719','33.9242163',450.00,238,617,223,213,124,144,777,368),(673,'2020-01-11 00:00:00','Chishui','105.697472','28.590337','Mosoc Llacta','-71.47278','-14.12',588.00,215,557,460,91,231,4444,208,369),(674,'2020-01-12 00:00:00','Las Varas','-66.328463','-33.3077816','Shuinan','111.439528','36.457599',269.70,751,668,664,123,231,4213,536,104),(675,'2020-01-01 00:00:00','Niedercorn','5.9340983','49.5508306','Shinao','115.299029','28.391349',58.40,759,323,171,105,340,3307,532,158),(676,'2019-10-26 00:00:00','Zelenchukskaya','41.5756325','43.8771538','Säffle','12.9380053','59.1239637',748.10,363,202,800,387,167,1872,706,168),(677,'2019-10-08 00:00:00','Wageningen','5.6469613','51.9671737','Sukadami','107.1100534','-6.3636897',314.40,157,817,808,221,278,916,349,19),(678,'2020-01-01 00:00:00','Xuedian','113.798718','34.497578','Hevlín','16.3813139','48.7520903',610.90,639,582,367,43,101,4795,59,385),(679,'2019-09-22 00:00:00','Malainen Luma','120.765351','14.31865','Riung','121.0564425','-8.4856411',280.00,327,437,721,113,400,4774,288,461),(680,'2019-11-24 00:00:00','Abéché','20.8433709','13.8359124','Sampao','125.627616','7.619032',585.00,101,231,90,35,35,200,955,116),(681,'2019-12-10 00:00:00','Iradan','72.1','40.266667','Bilao','122.559309','11.4878347',533.00,348,403,298,370,126,3907,211,98),(682,'2020-01-11 00:00:00','Lianghe','98.296657','24.804232','Tríkala','21.7678951','39.5557317',58.20,548,392,553,171,294,3701,722,492),(683,'2020-02-16 00:00:00','Chicago','-87.627893','41.8784851','Khairpur','68.7254605','27.5331693',804.90,433,929,174,293,383,4090,905,278),(684,'2019-11-16 00:00:00','Sundsvall','16.6652363','63.0077349','Mel’nikovo','84.0751534','56.5496799',158.90,472,187,601,389,264,218,187,459),(685,'2019-10-30 00:00:00','Sanquan','116.4689261','39.9474817','San Miguel','-57.0421483','-26.5380045',835.70,778,659,238,219,309,3700,31,224),(686,'2019-09-08 00:00:00','Zürich','8.5324101','47.3842312','Voznesenskaya','41.0350394','44.5483119',117.50,215,451,570,224,68,1788,36,462),(687,'2019-10-20 00:00:00','Yuejin','102.674499','23.744617','Yallahs','-76.5517132','17.8768385',507.00,696,598,971,32,194,1657,231,493),(688,'2019-10-27 00:00:00','Kruengraya','95.3141714','5.8643369','Şaqānis','10.8','35.78333',363.40,514,651,756,142,191,1110,345,212),(689,'2019-11-16 00:00:00','Sorong','131.255828','-0.8761629','Parawan','107.5703914','-7.0444877',345.50,511,589,955,111,349,295,588,336),(690,'2019-12-22 00:00:00','Henggouqiao','114.36947','29.932442','Dębowa Łąka','19.0555956','53.2166678',249.60,622,162,741,387,281,2021,729,448),(691,'2019-10-01 00:00:00','Camaquã','-51.8048311','-30.8493976','Cigaras','121.4213333','14.2226543',140.50,192,932,254,119,240,2165,698,427),(692,'2019-10-12 00:00:00','Maagnas','123.6675','13.7192','Trinidad','-64.9000247','-14.8258317',499.40,338,318,547,121,292,634,28,27),(693,'2020-01-14 00:00:00','Tiebukenwusan','85.45172','46.80381','Krasnogorodskoye','28.2918137','56.8338605',965.30,326,400,32,331,328,510,120,41),(694,'2019-11-29 00:00:00','Pakel','111.8270486','-8.1553145','Casa Branca','-47.0856897','-21.7712926',940.70,152,147,371,346,206,4684,388,442),(695,'2019-10-22 00:00:00','Caen','-0.3553901','49.1845517','Mranggen','110.5096283','-7.0425557',850.30,508,424,10,259,246,3536,823,120),(696,'2019-10-29 00:00:00','Huazangsi','103.710302','30.202014','Chatuchak','100.5633655','13.8198099',419.40,540,155,478,381,261,3346,237,288),(697,'2019-09-29 00:00:00','Chigasaki','139.4046734','35.3372599','Banatsko Karađorđevo','20.5777248','45.5730726',67.90,669,271,18,379,23,4919,292,123),(698,'2019-12-19 00:00:00','Zihu','118.155176','28.902295','Houjiachuan','104.52848','35.532662',290.80,676,720,454,315,241,2396,191,496),(699,'2020-01-01 00:00:00','Santiago del Torno','-63.3832653','-17.9906981','Pouzauges','-0.7845859','46.8330256',364.50,715,396,417,361,46,3455,555,418),(700,'2019-09-02 00:00:00','Gemblengmulyo','111.4648515','-6.7347875','Kosaya Gora','39.8556491','57.6814887',545.70,688,611,324,190,282,585,174,372),(701,'2019-09-08 00:00:00','Al Qubbah','22.2324406','32.7674911','Béreldange','6.0628765','49.689224',106.40,219,694,138,204,353,2945,840,137),(702,'2019-10-12 00:00:00','Nýdek','18.7568843','49.6560847','Sanjiang','109.607675','25.783198',896.40,157,398,295,322,131,4223,907,194),(703,'2020-01-22 00:00:00','Nassau','-77.355413','25.0479835','Santa Teresa','-86.1624587','11.8035277',728.90,240,448,597,290,139,3267,360,46),(704,'2019-11-23 00:00:00','Ust’-Kachka','55.6720592','58.00284','Gunungangka','108.16434','-7.34307',116.60,482,962,32,358,130,2415,532,206),(705,'2019-09-14 00:00:00','Salaberry-de-Valleyfield','-73.4049684','45.5159664','Levoberezhnaya','37.4690832','55.876771',981.70,741,476,841,13,199,3151,449,432),(706,'2020-02-25 00:00:00','Groningen','6.5319506','53.2231057','Emnambithi-Ladysmith','29.7779991','-28.5600363',962.00,201,816,195,324,376,3397,701,182),(707,'2019-10-05 00:00:00','Zubří','18.0992378','49.4940668','Koh Tao','99.822979','10.1096551',943.60,425,775,274,84,356,1822,572,298),(708,'2019-10-23 00:00:00','Tolstoy-Yurt','45.7756846','43.446712','Yampil’','28.2765218','48.2441219',471.00,485,678,512,178,373,47,918,72),(709,'2019-12-13 00:00:00','Honjō','139.1910402','36.2407094','Ransang','117.5524235','8.9061016',509.40,103,676,931,327,88,299,267,21),(710,'2019-12-16 00:00:00','Lucerna','-88.9389921','14.5602233','Luhans’ke','39.307815','48.574041',534.40,510,710,774,215,363,3036,379,322),(711,'2019-10-09 00:00:00','Mizi','112.520954','37.815669','Borås','12.898467','57.7516519',56.50,113,613,865,340,20,525,190,483),(712,'2019-11-01 00:00:00','Bochov','13.0451816','50.1509066','Aţ Ţurrah','35.9889359','32.6349216',969.90,592,227,179,212,280,431,687,294),(713,'2020-01-23 00:00:00','Oslo','10.7840665','59.9581564','Jagüey Grande','-81.1278814','22.5267186',795.50,475,413,615,165,328,1777,290,406),(714,'2019-11-20 00:00:00','Bacalan','122.6495332','7.847962','Biscoitos','-27.2587935','38.7921433',979.30,114,934,773,68,18,230,245,426),(715,'2019-11-14 00:00:00','Sarany','37.5521227','44.8307966','Miami','-80.2056382','25.7564471',136.80,385,580,305,235,128,1760,810,232),(716,'2019-09-29 00:00:00','Novoaleksandrovsk','41.1600688','45.4885295','Ziguinchor','-16.2639825','12.5641479',290.90,794,960,78,36,199,3910,993,445),(717,'2019-10-16 00:00:00','Riosucio','-75.8185314','5.4238154','Mount Frere','26.724185','-27.990857',10.10,713,914,923,385,46,4949,511,282),(718,'2019-10-11 00:00:00','São Miguel','-8.5265537','41.0489611','Aiximan','76.499773','39.244385',844.70,172,152,947,122,91,538,154,218),(719,'2019-12-13 00:00:00','Vertientes','-78.1507423','21.2635582','Sinamar','121.5863465','17.1613952',817.50,549,550,103,219,330,2070,642,117),(720,'2020-02-10 00:00:00','Forécariah','-13.0904353','9.4344715','Eybens','5.7504953','45.1476503',612.60,409,465,90,35,35,200,893,256),(721,'2019-10-01 00:00:00','Pho Si Suwan','104.7885565','14.7013241','Soavinandriana','46.7405959','-19.1694375',227.50,214,145,701,166,143,822,446,334),(722,'2020-01-09 00:00:00','Kamalasai','103.5668302','16.2588381','Aurora','-104.84','39.6599999',897.10,330,130,189,116,333,2006,10,72),(723,'2019-12-26 00:00:00','Wanurian','131.7108641','-1.3458481','Shigu','112.507849','27.522725',878.10,291,969,320,237,229,4568,790,34),(724,'2019-09-15 00:00:00','Masuguru','38.411369','-11.3462099','Sal’sk','41.5008684','46.524052',163.20,594,229,848,181,383,4321,90,61),(725,'2019-10-28 00:00:00','Cumming','-118.5882119','35.1307639','Krajan Suco','113.7496','-8.2672',339.10,138,328,287,182,334,1147,879,463),(726,'2019-12-11 00:00:00','Virginia Beach','-76.0507949','36.8653194','Shilaoren','120.494295','36.091367',41.50,294,517,665,152,176,4571,824,417),(727,'2019-12-08 00:00:00','Novoselitsa','26.2712988','48.2211075','Choroszcz','22.98815','53.14292',872.50,481,559,979,12,154,2371,805,218),(728,'2019-12-09 00:00:00','Yantang','113.327132','23.15998','Xiangfeng','116.339492','39.767266',31.10,641,448,920,55,51,2460,575,468),(729,'2019-12-07 00:00:00','Boldumsaz','59.6665153','42.1261418','Cardona','121.026941','14.5716986',714.40,670,366,495,201,163,332,439,483),(730,'2019-10-01 00:00:00','Prince Albert','22.5345667','-33.3306976','Taipei','121.5654177','25.0329694',917.50,241,651,879,66,11,1233,176,287),(731,'2020-01-25 00:00:00','Huangcun','113.407143','23.131797','Waitakere','174.5536678','-36.8189073',652.20,246,947,941,157,346,4958,75,313),(732,'2019-12-20 00:00:00','Madoi','98.209206','34.915946','Kurgan','65.3208664','55.4420395',172.00,331,171,408,199,243,2224,709,359),(733,'2019-09-22 00:00:00','Cassilândia','-51.736543','-19.1097385','Bungur','106.8488128','-6.1718076',165.50,663,446,212,316,328,594,487,267),(734,'2019-12-30 00:00:00','Singkir','108.1636206','-7.7257788','Shihuajian','114.552112','28.4728106',348.90,260,133,650,119,107,1091,272,246),(735,'2019-09-14 00:00:00','Phù Cát','109.0547476','14.0134002','Tojeira','-8.143466','39.9483942',305.80,216,281,170,164,88,2064,334,85),(736,'2020-01-18 00:00:00','Baima','104.990101','29.528923','Porto Velho','-63.9004303','-8.7611605',667.40,621,132,903,197,165,1898,812,468),(737,'2019-10-06 00:00:00','Jilili','-79.796898','-4.581521','Ngilengan','111.633','-6.7228',636.40,365,778,986,112,147,472,103,169),(738,'2019-10-30 00:00:00','Quillota','-71.2497156','-32.8803027','Barreiro do Jaíba','-43.59187','-15.61532',246.20,327,269,533,176,376,2870,425,188),(739,'2019-09-25 00:00:00','Lomé','1.2313618','6.1724969','Al Jubayl','49.5687416','26.9597709',977.70,754,739,250,174,202,2907,985,313),(740,'2019-09-04 00:00:00','Karanlukh','44.5128424','40.2047139','Carrazeda de Ansiães','-7.3038414','41.240005',148.90,479,294,339,126,359,4166,775,144),(741,'2019-11-05 00:00:00','Ait Ali','4.448361','36.569805','Carvalhos','-8.24449','42.1041452',41.00,786,139,223,241,70,3645,427,458),(742,'2019-09-10 00:00:00','Trubchevsk','33.7634935','52.5871233','La Playosa','-63.0334803','-32.0974801',218.10,162,595,63,216,22,1430,549,282),(743,'2020-01-16 00:00:00','Dzwola','22.5669964','50.6964708','Kannabechō-yahiro','133.4167423','34.5646414',267.20,100,629,119,80,300,4694,740,406),(744,'2020-01-31 00:00:00','Uddevalla','12.0083611','57.7184535','Shalinskoye','93.768409','55.7279446',773.60,761,360,938,187,393,4860,69,230),(745,'2019-10-18 00:00:00','Fangjun','120.2512222','29.0654415','Al Buq‘ah','35.1245284','31.5344951',118.90,650,864,789,392,353,1687,25,37),(746,'2019-11-10 00:00:00','Modderfontein','28.1444516','-26.0880026','Bayantal','108.3006134','46.5736928',938.10,711,556,442,81,344,3263,492,85),(747,'2019-09-28 00:00:00','Izyaslav','26.8281141','50.1191124','Veinticinco de Mayo','-57.6201482','-37.9599734',87.20,498,330,951,48,85,3914,882,329),(748,'2019-11-05 00:00:00','Strasbourg','7.7342943','48.5851876','Madingou','13.5523679','-4.1682452',826.00,367,769,821,96,235,3942,427,53),(749,'2020-02-16 00:00:00','Simpang','104.100502','-1.259553','Nabīnagar','90.9605637','23.8882098',660.40,287,797,314,186,135,2254,424,192),(750,'2019-09-09 00:00:00','Tianfu','-86.2208503','39.9121556','Turenki','24.6382505','60.9182792',208.40,218,136,177,254,146,3512,965,179),(751,'2019-09-19 00:00:00','Reims','-1.8090692','48.2414942','Konso','37.4387894','5.3404492',919.70,315,461,112,235,110,3010,649,427),(752,'2020-01-04 00:00:00','Leeuwarden','5.8065627','53.1913133','Bandung','107.6191228','-6.9174639',979.60,350,426,664,278,209,3366,73,407),(753,'2019-09-16 00:00:00','Tembang','112.5662284','0.8231171','Rucheng Chengguanzhen','113.68437','25.549887',956.80,517,956,198,387,199,3465,403,217),(754,'2019-11-19 00:00:00','Kailahun','-10.5718086','8.2802196','Liujiachang','119.282264','33.2934023',651.00,272,323,504,399,32,3671,913,480),(755,'2020-01-11 00:00:00','Timbuktu','-3.0025615','16.7665887','Phan Rang-Tháp Chàm','108.9912066','11.5825677',615.00,484,218,909,163,47,3737,212,134),(756,'2019-10-13 00:00:00','Vila Franca do Campo','-25.4345063','37.7157269','Kota Bharu','102.2400127','6.12151',267.60,398,319,973,284,50,4606,725,39),(757,'2019-10-17 00:00:00','Limbi','44.5057388','-12.2446158','Bueng Khong Long','104.0444828','17.9670882',832.50,765,380,785,258,383,73,806,437),(758,'2019-12-14 00:00:00','Companhia de Baixo','-28.339109','38.414101','Bergen','5.3446343','60.3560649',636.10,227,472,718,165,122,2223,470,94),(759,'2019-11-26 00:00:00','Privolzhskiy','46.0293715','51.3639165','Gushikawa','127.8691991','26.3577675',626.20,183,808,798,314,195,2127,262,431),(760,'2019-12-12 00:00:00','Zhuhong','117.329247','31.842209','Bashtanka','32.4412263','47.4098736',10.10,765,227,90,35,35,200,553,141),(761,'2020-01-04 00:00:00','Zongzhai','113.625328','34.746611','Caibarién','-79.4760133','22.5064672',774.30,742,202,917,331,250,1590,79,387),(762,'2019-10-30 00:00:00','Promyshlennovskiy','86.1521385','55.5099217','St. Anton an der Jeßnitz','15.2299747','48.0147763',789.20,536,456,141,56,395,4872,179,185),(763,'2019-11-18 00:00:00','Jinsha','104.011664','30.679359','Gbadolite','21.0102737','4.2891931',200.40,385,720,380,37,190,4639,180,112),(764,'2019-12-04 00:00:00','Carenang Lor','106.3110622','-6.0802849','Kiambu','36.8304102','-1.1748105',535.70,102,926,229,102,77,2185,429,190),(765,'2019-11-04 00:00:00','Revolucion','-99.1034242','19.4386048','Nanxindian','116.669972','39.663147',209.60,736,402,111,77,90,1341,522,121),(766,'2019-11-28 00:00:00','Lisków','18.3984345','51.8326054','Guijalo','123.8623691','13.7527691',299.50,224,407,917,94,378,3459,579,412),(767,'2019-11-12 00:00:00','New Plymouth','174.0768108','-39.0593613','Dąbrowice','19.0849647','52.3119225',942.20,219,450,127,219,29,1577,676,238),(768,'2020-02-07 00:00:00','Sarbīsheh','59.7977761','32.5777123','Ô Môn','105.6326457','10.1164943',734.50,341,178,539,14,386,2653,751,12),(769,'2019-12-17 00:00:00','Sruni','112.7226611','-7.3977218','Sindangkerta','107.400299','-6.990714',830.10,718,937,197,162,241,2717,283,372),(770,'2019-09-25 00:00:00','Ozalj','15.4778574','45.6128697','Chengyang','120.39631','36.307064',313.40,354,564,412,24,129,609,475,160),(771,'2020-01-05 00:00:00','Moro','67.9933369','26.6416058','Pilchowice','18.5396797','50.2135674',466.10,611,493,796,15,11,4672,777,135),(772,'2019-11-04 00:00:00','Yogyakarta','110.3694896','-7.7955798','Winburg','26.9999584','-28.5323842',651.40,441,862,254,324,305,3420,802,249),(773,'2019-09-17 00:00:00','Jagodnjak','18.5702566','45.6747796','Shuvakish','60.4807823','56.9191069',492.70,488,706,738,16,257,4313,496,284),(774,'2020-01-22 00:00:00','Mangge','111.4469654','-7.5557614','Stęszew','16.7007399','52.28375',584.70,735,485,442,91,367,3610,129,327),(775,'2019-10-18 00:00:00','Embalse','-64.442428','-32.232355','Kabac','123.709249','11.2363822',51.50,415,889,914,329,99,1814,760,452),(776,'2019-09-12 00:00:00','Chambellan','-74.3730427','18.5543202','Sa‘sa‘','36.0186458','33.2757332',223.50,643,578,126,163,391,2506,917,64),(777,'2019-12-07 00:00:00','Padabeunghar','108.4068343','-6.8332046','Hrastnik','15.0844894','46.1417288',996.40,162,423,202,363,71,3512,551,228),(778,'2019-11-26 00:00:00','Doumuhu','111.633245','28.947331','Cambé','-51.2803152','-23.277052',842.60,450,347,115,267,24,462,669,10),(779,'2019-12-10 00:00:00','Peicheng','116.940771','34.723382','Rungis','2.3508225','48.7700185',607.90,478,880,514,365,141,1076,704,442),(780,'2019-09-19 00:00:00','Kota Kinabalu','116.05657','5.952775','Ribas','-8.313469','41.5157473',233.90,340,927,472,105,274,76,785,220),(781,'2020-02-12 00:00:00','Gorey','-6.308522','52.665267','Uubulan','101.9343734','48.6057111',665.40,369,461,980,396,354,431,392,185),(782,'2019-12-31 00:00:00','La Unión','-76.785759','-9.7744129','Campinas','-47.0625812','-22.9098833',962.90,380,556,620,234,284,4171,223,24),(783,'2019-09-07 00:00:00','Dongchong','113.454975','22.884636','Songjiang','121.227747','31.032243',10.70,413,908,529,305,398,2658,331,148),(784,'2019-10-12 00:00:00','Huizhai','116.013047','23.477539','Honglong','114.109497','22.396428',76.60,282,876,450,263,158,4962,696,435),(785,'2020-02-10 00:00:00','Dongshangguan','103.26311','36.740034','Bin’an','127.75061','45.843424',103.20,735,177,897,182,208,1602,491,464),(786,'2019-11-01 00:00:00','Åhus','14.271615','55.9858675','Hashaat','103.4166669','47.35',404.30,578,752,626,244,301,44,487,284),(787,'2019-11-01 00:00:00','Dallas','-96.8','32.78','Thị Trấn Than Uyên','103.8854007','21.958688',823.70,301,103,80,148,26,4463,552,310),(788,'2019-12-15 00:00:00','Świętochłowice','18.9285154','50.3142814','Obolensk','37.2249417','54.9790861',797.00,149,526,684,106,369,2037,368,25),(789,'2020-01-19 00:00:00','Hřebeč','16.5775355','49.7478983','Kristiansund N','7.7291951','63.1110463',463.10,680,843,866,382,284,369,449,131),(790,'2019-10-30 00:00:00','Bruzual','-69.3339418','8.047281','Ljusdal','15.427113','60.5381467',673.30,477,698,961,325,90,4147,881,342),(791,'2019-09-22 00:00:00','Marseille','2.511999','43.7441795','Linhares','-8.3332193','41.2592586',452.30,104,284,91,207,213,4362,233,288),(792,'2019-09-29 00:00:00','Lyubokhna','34.4602881','53.4808987','Cochrane','-72.5729823','-47.2535728',121.10,116,341,102,194,77,971,358,485),(793,'2020-02-18 00:00:00','Bremerhaven','8.5929499','53.5567847','Agrelo','-8.3726599','41.3595963',754.50,431,168,935,19,247,3858,989,155),(794,'2019-11-01 00:00:00','Florentino Ameghino','-64.1582003','-31.3540428','Sukogunungkrajan','111.595','-6.9399',387.50,105,614,706,193,326,4383,204,289),(795,'2019-11-14 00:00:00','Lengkong','107.627451','-6.9326938','Cikaung','107.172085','-6.3079232',673.70,696,752,820,197,328,4474,956,356),(796,'2019-10-20 00:00:00','Xinxu','114.333767','22.863502','Miami Beach','-80.1484407','25.8535635',193.70,655,516,668,98,285,4723,546,224),(797,'2019-11-02 00:00:00','Qingyang','107.643631','35.709077','Kurkino','37.387813','55.900378',598.60,755,636,992,16,323,895,440,198),(798,'2020-02-21 00:00:00','Banarankrajan','111.6694','-8.0412','Morro do Chapéu','-41.3803558','-11.4346353',258.60,519,666,793,315,398,4541,450,81),(799,'2019-10-17 00:00:00','General Alvear','-58.4389753','-34.8411832','Uji','132.9039749','35.3434929',242.80,545,550,690,398,235,1327,683,79),(800,'2019-10-31 00:00:00','Haliut','-123.3599687','48.455754','Oro Timur','112.5201746','-7.9060665',18.20,579,874,90,35,35,200,959,352),(801,'2019-12-29 00:00:00','Palaió Fáliro','23.7006539','37.9253691','Yelabuga','52.061524','55.7558426',292.30,278,776,226,75,335,656,110,4),(802,'2019-09-04 00:00:00','Xianxiang','113.926763','35.303704','Girang','106.183333','-6.8',594.90,446,278,430,56,350,3471,109,163),(803,'2019-12-16 00:00:00','Sakhipur','90.1869644','24.2864848','Perehonivka','30.5234909','48.534282',39.40,551,532,565,262,143,3254,578,419),(804,'2020-01-30 00:00:00','Sonsón','-75.3178952','5.6460924','Wulin','120.157288','30.274301',739.70,355,828,844,288,23,3236,459,147),(805,'2020-02-16 00:00:00','Yushu','97.008784','32.993106','Mammari','33.205422','35.1742194',809.10,736,123,652,321,363,3244,760,430),(806,'2019-11-02 00:00:00','Ndélé','20.6481794','8.4101505','Panghadangan','105.8971','-6.3052',365.70,611,210,766,351,361,4970,409,29),(807,'2019-11-26 00:00:00','Grimshaw','-73.9260044','45.0417524','Baibu','-115.244096','36.049805',346.10,350,324,252,44,74,3744,662,317),(808,'2019-09-04 00:00:00','Malabar','107.6222719','-6.9258108','Coronel Belisle','-68.2376186','-38.9396947',674.30,499,329,229,222,237,3443,232,443),(809,'2020-01-21 00:00:00','Halayhay','120.8168869','14.3705235','Kribi','9.9101915','2.9405941',665.20,351,421,666,84,322,4213,375,407),(810,'2020-01-31 00:00:00','Janaka','105.8671954','-6.3323352','Bodzanów','20.01446','52.4957047',732.00,661,170,604,206,48,1016,186,106),(811,'2020-01-20 00:00:00','Huyang','113.6587617','22.9353419','San Cristóbal Cucho','-91.780213','14.904946',217.10,500,802,561,199,84,4561,24,7),(812,'2019-12-29 00:00:00','Patalan','110.3457756','-7.9284108','Szubin','17.73989','53.00942',849.40,723,777,649,122,321,4170,712,221),(813,'2019-09-30 00:00:00','Fuvahmulah','73.4268608','-0.2983944','Hengxi','101.765843','36.628305',496.20,177,536,538,373,393,588,98,359),(814,'2019-11-02 00:00:00','Naranjo','-84.405668','10.098232','Songgang-dong','127.3809362','36.4320046',873.20,226,333,985,32,44,420,43,401),(815,'2019-09-10 00:00:00','Akure','5.2057909','7.2571325','Tolkmicko','19.5273042','54.3202047',909.90,649,324,413,387,252,2726,506,312),(816,'2019-11-25 00:00:00','Timiryazevo','66.4866582','53.7512087','Luokou','114.131764','22.54817',289.80,225,707,321,249,295,115,155,461),(817,'2020-01-23 00:00:00','Mississauga','-79.7119419','43.6368159','Vila Franca de Xira','-8.9978149','38.9458437',172.80,649,944,728,326,220,2640,606,60),(818,'2019-09-10 00:00:00','Kamwenge','30.4512086','0.186066','Pirallahı','50.3334447','40.4746848',233.10,708,722,937,68,96,570,795,190),(819,'2019-12-23 00:00:00','Huangshui','102.0851431','36.7146675','Česká Skalice','16.0427679','50.3946667',895.50,384,404,61,251,264,671,464,480),(820,'2019-11-13 00:00:00','Garden Grove','-117.7639765','33.6952452','Nagrog','107.8731968','-6.9927364',55.20,171,825,357,115,162,544,105,182),(821,'2019-12-16 00:00:00','Jindayris','36.6889','36.39535','Djibo','-1.6226538','14.1005099',364.70,530,457,68,308,176,4556,779,251),(822,'2019-11-12 00:00:00','Vichy','3.4167','46.1167','Zaoshi','113.449709','26.6674',854.00,703,355,186,369,274,3300,618,360),(823,'2019-10-11 00:00:00','Cibenda','107.3109745','-6.9472168','Milotice','17.1329667','48.9563647',764.90,148,718,814,14,198,1539,348,316),(824,'2019-11-11 00:00:00','Oepuah','138.0803529','-4.269928','Yuwang','104.260115','25.671402',130.60,559,887,22,102,19,3531,44,84),(825,'2019-12-27 00:00:00','Cilegong','106.0111203','-6.0025343','Trąbki Wielkie','18.5399044','54.1697058',873.10,539,520,490,150,342,3681,764,185),(826,'2019-12-29 00:00:00','Guoduwan','111.270059','31.989637','Gyōda','139.4602367','36.1407681',986.90,800,727,171,108,277,2084,8,452),(827,'2020-02-03 00:00:00','Tianfu','-86.2208503','39.9121556','Itapecerica da Serra','-46.8498038','-23.7169139',990.40,697,952,596,73,400,4324,776,116),(828,'2020-02-07 00:00:00','Buk','16.519559','52.35536','Umbulan','112.9386472','-7.7687701',669.90,362,225,788,204,366,4547,943,444),(829,'2019-12-06 00:00:00','Hong’an Chengguanzhen','114.603098','31.273176','Bungoma','34.5583766','0.5695252',65.20,602,238,750,247,398,1192,458,220),(830,'2019-09-21 00:00:00','Thamaga','25.5325797','-24.6664408','Camaligan','123.1689818','13.6193661',985.70,582,188,903,158,66,4279,80,370),(831,'2019-09-20 00:00:00','Taquari','-51.8311441','-29.7569364','Belo sur Tsiribihina','44.5431306','-19.6971554',794.10,472,614,585,284,325,3606,432,107),(832,'2020-02-03 00:00:00','Kubachi','47.6041857','42.08435','Fenghuang','109.599191','27.948308',822.90,675,971,315,198,391,2853,279,13),(833,'2019-09-29 00:00:00','Honolulu','-157.8625674','21.3039859','Paso de Indios','-65.0598718','-42.7556675',806.20,618,285,440,153,63,2621,301,408),(834,'2019-11-30 00:00:00','Miān Channūn','72.3382454','30.4322645','Sukamaju','106.8502879','-6.4185424',778.50,345,219,363,56,71,664,550,219),(835,'2019-10-03 00:00:00','Maubasa','121.9373561','-8.8230363','Cherryville','-7.1111732','52.2513095',595.20,529,320,343,88,229,2929,191,149),(836,'2019-11-25 00:00:00','Säffle','12.9380053','59.1239637','Karangsari','110.9561','-6.427987',272.80,468,848,531,143,127,4228,19,438),(837,'2019-10-09 00:00:00','Banjar Tibubiyu Kaja','115.0498','-8.5588','Rancageneng Satu','108.1859765','-7.3090733',832.10,179,153,101,22,150,3614,702,407),(838,'2019-10-24 00:00:00','Safed','35.495997','32.964648','Arai','140.8492779','38.1164434',863.80,445,293,595,398,248,4358,87,150),(839,'2019-10-07 00:00:00','Lourido','-8.207141','41.129239','Quiriquire','-63.2194183','9.9785656',863.00,251,724,362,238,73,1112,780,257),(840,'2020-01-02 00:00:00','Miskolc','20.7644305','48.081286','Shouchun','116.787128','32.573115',763.60,612,661,90,35,35,200,304,327),(841,'2019-10-03 00:00:00','Beutong Ateuh','96.5249759','4.4613091','Cipesing','107.5609228','-6.8057733',145.90,507,413,867,297,71,2206,300,394),(842,'2019-11-13 00:00:00','Jelah','17.9557436','44.6500125','Lubochnia','20.0494724','51.6078941',71.20,300,382,367,171,107,2125,776,409),(843,'2019-12-01 00:00:00','Punta Gorda','-88.8094906','16.098935','Lelystad','5.4757709','52.5077777',509.70,534,244,995,88,140,2335,616,157),(844,'2020-02-14 00:00:00','Carregal','-8.5463483','40.5753726','Portão','-51.2422395','-29.7127463',330.60,698,456,362,366,388,1374,315,471),(845,'2019-12-27 00:00:00','Fengyuan','120.7223572','24.2521156','Agía Triáda','22.8766281','40.4999888',847.30,456,328,471,257,305,1087,765,239),(846,'2019-12-21 00:00:00','Tyrnyauz','42.9174509','43.3911349','Liucheng','109.24473','24.651518',597.40,559,552,963,174,394,3621,856,140),(847,'2020-02-10 00:00:00','Tajerouine','8.5528746','35.8904199','Taihe Chengguanzhen','115.623491','33.170904',399.40,162,781,425,200,48,2494,963,383),(848,'2019-12-13 00:00:00','Ōsaka-shi','135.5119682','34.6533451','Kolirerek','123.4715','-8.4447',311.60,799,337,763,126,19,1491,693,169),(849,'2020-02-02 00:00:00','Arthur’s Town','-75.6702647','24.6233771','Revelstoke','-118.2023','50.98317',275.90,286,229,491,367,44,1157,55,195),(850,'2020-02-25 00:00:00','San Francisco','-58.4103552','-34.7932249','Tammela','23.8712999','60.8151976',96.70,504,390,442,22,244,2906,270,413),(851,'2019-11-14 00:00:00','Vidoši','17.0283262','43.7713642','Babakansari','107.2104935','-6.837527',623.90,759,420,968,158,261,1176,722,345),(852,'2019-12-05 00:00:00','San-Pédro','-6.642433','4.7578686','Lannion','2.8125','0',33.50,357,624,290,306,386,3742,205,304),(853,'2019-11-07 00:00:00','Pandan','100.219498','-0.358417','Salaza','119.9548363','15.4560208',133.40,307,347,917,278,286,994,641,189),(854,'2019-10-06 00:00:00','Seversk','84.9077645','56.5948706','Barrunchal','-9.3605586','38.7409837',140.90,557,374,333,231,300,1027,392,231),(855,'2019-12-02 00:00:00','Bratslav','28.9461989','48.8162706','Bouca','18.2763069','6.5060695',922.90,461,193,602,113,114,3387,30,65),(856,'2019-09-07 00:00:00','Daping','116.00509','24.094765','Katagum','10.3525964','12.289736',972.50,212,812,833,207,16,2282,606,487),(857,'2019-11-30 00:00:00','Itaí','-49.0924714','-23.4217742','Kaliterus','109.5766953','-7.6044275',689.70,367,992,613,55,232,3308,941,285),(858,'2019-09-04 00:00:00','Padang','121.0499837','14.2512158','Luntai','84.252156','41.777702',377.30,623,986,185,25,308,809,579,398),(859,'2020-02-03 00:00:00','Kavarna','28.2969913','43.4169003','Komorów','20.8418962','52.1412597',699.40,498,319,616,104,280,1756,191,218),(860,'2019-09-07 00:00:00','Cut-cut Primero','120.58604','15.48277','Floridablanca','-73.1054544','7.0427956',568.30,429,442,399,342,12,3719,928,212),(861,'2020-01-04 00:00:00','Tegaldowo','111.5170196','-6.8695345','Savannah','-80.9760556','32.0005346',449.90,565,486,892,234,291,852,738,425),(862,'2019-09-17 00:00:00','Nova Iguaçu','-43.4607419','-22.7561319','Bolgar','49.0342414','54.9670821',282.20,715,783,260,396,35,2987,61,419),(863,'2019-11-29 00:00:00','Strasbourg','7.7342943','48.5851876','Berlin','13.3304798','52.4837296',237.70,416,726,158,248,272,870,287,263),(864,'2019-12-20 00:00:00','Obonoma','6.7815237','4.6845489','Jinan','117.120095','36.6512',317.20,693,642,31,111,21,3203,354,330),(865,'2019-11-07 00:00:00','El Limon','-104.8786647','21.5117028','Karlskrona','15.6309078','56.1993557',782.00,118,980,203,151,312,2703,272,193),(866,'2020-02-06 00:00:00','Lupak','114.2747123','-3.2930615','Gan Yavne','34.703101','31.783056',423.50,630,425,200,273,279,701,988,181),(867,'2019-11-04 00:00:00','Pucón','-71.9776285','-39.2722541','Ostrov','16.2794136','49.373136',42.30,491,708,473,118,120,4820,562,341),(868,'2020-02-04 00:00:00','Chiconi','45.1149977','-12.8255986','Gumawang','104.6442073','-4.1136576',433.60,499,115,592,122,31,632,545,242),(869,'2020-02-21 00:00:00','Lakshmīpur','90.7942665','23.3567159','Nàng Mau','105.5327831','9.7494365',110.80,641,309,646,279,276,1862,713,316),(870,'2019-10-18 00:00:00','Murakami','139.8800727','37.4412077','Novaya Usman’','39.4129061','51.626324',937.70,172,932,568,377,185,4641,353,166),(871,'2019-11-13 00:00:00','Punta Alta','-62.080615','-38.8808579','Wangqu','113.900735','33.754058',111.00,596,418,948,20,45,260,998,10),(872,'2019-11-08 00:00:00','Enköping','17.5208372','59.5721558','Boshchorbogh','68.12824','37.52027',206.50,462,532,957,269,205,581,90,203),(873,'2019-12-06 00:00:00','Tacoma','-122.4773432','47.2457073','Varėna','24.5743709','54.2125609',322.80,576,521,208,143,40,2887,85,242),(874,'2019-10-16 00:00:00','Santa Elena','-89.6440716','20.3278427','Vaiamonte','-7.5083532','39.0890459',711.50,383,870,968,352,81,4168,232,63),(875,'2019-10-03 00:00:00','Sololá','-91.1779176','14.7668705','Banyutengah','112.4514977','-6.893751',466.20,378,436,709,83,224,2732,791,309),(876,'2019-10-30 00:00:00','Vitina','21.3589808','42.3221655','Buenaventura','-77.2864879','3.2572094',105.50,322,371,396,135,238,278,768,317),(877,'2019-10-13 00:00:00','Dziadkowice','22.9056677','52.5652013','Zuhu','112.040028','39.732646',534.60,178,859,954,347,273,1976,274,353),(878,'2020-01-24 00:00:00','Asahbadung','115.16736','-8.665118','Sosnovaya Polyana','30.1415562','59.8342617',550.80,290,568,431,188,322,3094,950,273),(879,'2019-11-14 00:00:00','Litian','103.817356','25.60162','San Rafael','-76.087997','-10.32553',481.70,556,255,816,213,221,222,658,56),(880,'2019-09-17 00:00:00','Behbahān','50.234745','30.5911589','Campo de la Cruz','-74.881979','10.379923',171.30,187,161,90,35,35,200,267,395),(881,'2019-09-22 00:00:00','Kegeyli Shahar','59.6122792','42.7751413','Telde','-15.3980224','28.00872',497.20,226,422,215,279,322,3429,10,16),(882,'2019-12-26 00:00:00','Lucija','13.6405292','45.4698284','Rattanaburi','100.5053999','13.8263157',733.80,243,475,540,232,111,3906,842,388),(883,'2019-09-13 00:00:00','Youkaichi','131.3266966','33.5311408','Mbocayaty','-56.4104044','-25.7189601',596.80,182,441,45,282,38,4449,745,261),(884,'2020-01-25 00:00:00','Xiliguantun','115.94139','37.07833','Mbomba','121.674572','-0.5223759',99.80,391,295,837,365,182,1262,764,135),(885,'2019-10-26 00:00:00','Biasong','123.713859','10.493002','Choisy-le-Roi','2.4119232','48.7663087',852.00,392,796,337,47,359,2131,646,137),(886,'2019-10-07 00:00:00','Kawaguchi','140.2234077','38.7933106','Arão','-8.6432945','42.0132548',425.10,582,968,418,379,214,1578,479,25),(887,'2019-10-30 00:00:00','Zhong’an','117.026653','36.498937','Mansilingan','122.977964','10.630446',781.60,731,300,173,329,114,1535,365,155),(888,'2020-01-19 00:00:00','Oslo','10.779541','59.9263628','Raas','114.5895968','-7.15114',824.20,240,923,412,254,86,3076,365,475),(889,'2019-09-14 00:00:00','Cimonyong','108.0264','-7.3251','Gulrip’shi','41.1062184','42.9314238',13.70,361,739,833,140,33,800,872,439),(890,'2020-01-03 00:00:00','Olszówka','18.8632124','52.1899235','Kruševo','15.65','44.18333',536.80,302,478,781,131,165,2912,772,118),(891,'2019-10-09 00:00:00','São Borja','-56.0041451','-28.6583059','Bouaflé','-5.7405139','6.9827437',708.00,218,680,347,163,333,1002,997,365),(892,'2019-12-07 00:00:00','Tranca','121.2669296','14.1318474','Wageningen','5.6469613','51.9671737',695.00,571,110,880,378,84,3725,800,484),(893,'2020-02-01 00:00:00','Parral','-71.8227528','-36.1406484','Ganjiang','121.35142','28.165293',438.80,555,149,759,371,234,4545,106,197),(894,'2019-09-29 00:00:00','Pasaje','-79.8056661','-3.3259044','Bucu Kidul','110.8463512','-6.5397069',663.90,551,935,973,329,251,4409,459,156),(895,'2020-01-14 00:00:00','Al Kiswah','36.2522371','33.358433','Calape','123.9121342','9.8411782',455.20,258,492,678,373,182,4192,560,164),(896,'2019-09-02 00:00:00','Chandmanĭ','97.9685657','45.3369621','Nueva Gerona','-82.8101975','21.8788609',873.50,544,237,24,304,236,117,593,269),(897,'2019-10-30 00:00:00','Egvekinot','-178.7494469','67.1466984','Ubon Ratchathani','104.8764505','15.2478876',244.60,553,246,26,254,329,2036,334,413),(898,'2019-09-15 00:00:00','Wangjiaping','106.513904','29.507848','Suez','32.5498069','29.9668343',961.70,700,864,816,57,101,3847,316,282),(899,'2020-01-28 00:00:00','Mosoc Llacta','-71.47278','-14.12','Otun','5.1249662','7.9903188',648.30,773,707,896,350,368,4701,299,243),(900,'2020-01-20 00:00:00','San Miguel Ixtahuacán','-91.7859274','15.2286069','Jinrongjie','126.7075176','45.7873408',696.60,553,137,587,54,300,3435,152,161),(901,'2019-09-14 00:00:00','Esquipulas','-89.352441','14.563755','Martaban','97.6032892','16.5347882',500.70,789,751,888,108,175,4841,402,25),(902,'2020-01-31 00:00:00','Kisarazu','139.9386123','35.4252373','Zhoujiaba','108.650157','30.86006',527.40,497,501,928,223,388,1639,49,373),(903,'2020-01-10 00:00:00','Barrosas','-8.2519171','41.3395549','Gračanica','18.3104025','44.7051702',471.60,338,229,655,38,133,4062,826,427),(904,'2020-02-23 00:00:00','Cañas','-85.0966591','10.4309602','Genet','-118.364791','34.0567271',712.50,463,151,933,199,318,2611,684,211),(905,'2019-09-22 00:00:00','Zhatay','129.8236089','62.155883','Juranalas','117.0117307','-8.5325093',308.00,423,461,998,273,127,239,563,261),(906,'2019-10-18 00:00:00','Zwolle','6.092908','52.5112898','Siuna','-84.7811621','13.7405282',580.80,677,878,513,80,167,3840,591,81),(907,'2019-10-22 00:00:00','Kaizuka','135.349864','34.4487934','Chengguan','91.140552','29.654838',196.50,454,433,188,323,335,4877,736,395),(908,'2019-09-22 00:00:00','San Rafael','121.0190818','14.5697429','Bosobolo','19.8752578','4.1874673',460.20,637,731,475,181,264,3098,996,73),(909,'2019-11-26 00:00:00','Jargalant','100.7724281','48.7277622','Épinal','6.4359118','48.2216277',773.80,335,465,863,79,120,2024,727,420),(910,'2019-11-02 00:00:00','Sabaneta','-75.6033497','6.1307505','Agraharam','77.0324649','10.998264',501.50,534,159,198,208,179,30,31,335),(911,'2019-11-11 00:00:00','Fao Rai','103.2894368','17.9894712','Houston','-95.4935119','29.6464527',955.50,519,856,754,49,304,4754,447,103),(912,'2020-01-30 00:00:00','Naranjos','-77.5003091','-5.740511','Santiago del Torno','-63.3832653','-17.9906981',504.80,723,628,930,259,53,1877,736,400),(913,'2019-12-19 00:00:00','Clogherhead','-6.2429997','53.7902634','Novoaltaysk','83.9124232','53.4004864',580.10,772,566,336,313,252,2678,694,296),(914,'2020-02-19 00:00:00','Sanmiaoqian','116.762907','28.976995','Bronx','-73.8918897','40.8285039',610.00,666,909,57,220,393,2826,943,390),(915,'2020-01-29 00:00:00','Dikirnis','31.6511258','31.060387','Xiaozhang','103.3380637','25.2743983',716.10,636,553,893,45,263,597,936,96),(916,'2019-10-06 00:00:00','Carolina','30.1069594','-26.0730802','Rust’avi','45.0430369','41.5225612',187.00,450,650,860,65,97,3563,518,67),(917,'2019-09-07 00:00:00','Kanye','25.3430203','-24.988061','Cho-airong','101.8109253','6.2245859',705.30,111,107,928,194,112,492,379,16),(918,'2020-02-19 00:00:00','Xuezhen','109.299475','34.954857','Madīnat ash Shamāl','51.3385684','25.9210961',390.00,686,641,634,178,36,973,506,344),(919,'2019-10-24 00:00:00','Xincheng','108.960747','34.26645','Mörön','100.1771896','49.6428895',227.50,175,306,724,250,221,1451,753,172),(920,'2019-10-27 00:00:00','Dicun','112.5870889','37.8311926','Lajedo','-36.2847751','-8.6866263',449.30,708,131,90,35,35,200,21,215),(921,'2019-11-24 00:00:00','Idalolong','123.3227','-8.5298','Mazongshan','97.030217','41.811711',599.30,582,106,210,126,173,887,798,141),(922,'2019-10-18 00:00:00','Ipoh','101.1064003','4.6096768','Tiebiancheng','107.853926','36.990268',737.20,101,387,225,302,173,2392,63,181),(923,'2019-10-22 00:00:00','Depapre','140.4101474','-2.4655425','Ōzu','130.8841776','32.8872867',101.40,765,604,100,27,91,3131,686,219),(924,'2019-10-06 00:00:00','Lisków','18.3984345','51.8326054','Cogreg Wetan','106.6989632','-6.4610391',621.50,241,992,958,375,13,808,386,242),(925,'2019-11-12 00:00:00','Baruny','147.2679116','-43.3937074','Xigou','121.28259','29.689847',971.20,369,616,340,138,124,3073,171,271),(926,'2019-12-24 00:00:00','Aviá Terai','-60.7292','-26.68532','Teruel','-0.3371889','40.7559095',366.60,442,561,829,64,181,3120,241,375),(927,'2019-09-29 00:00:00','Burunday','76.840271','43.32756','Shuangpu','113.459749','23.106401',158.30,268,297,827,372,209,1246,620,263),(928,'2019-09-11 00:00:00','Przytyk','20.9131216','51.4617501','Fuwah','30.5502219','31.2035483',929.80,609,266,130,78,103,3243,7,417),(929,'2019-12-10 00:00:00','Diadi','121.366653','16.660204','Beiping','116.4073963','39.9041999',486.30,619,984,408,67,188,2415,856,330),(930,'2019-09-09 00:00:00','Longhuashan','126.6028353','43.8384389','Pahonjean','108.7422767','-7.3305972',128.80,330,760,896,315,247,1124,833,21),(931,'2019-09-06 00:00:00','Erandique','-88.4670322','14.2376109','Volochys’k','26.2093072','49.5345161',589.60,223,225,527,155,54,849,772,288),(932,'2019-11-14 00:00:00','Garden Grove','-117.7639765','33.6952452','Kapyl’','27.0908004','53.1511461',485.30,196,200,366,205,333,2774,236,473),(933,'2019-11-10 00:00:00','Gorno Orizari','21.3607894','41.0423985','Kanazawa-shi','138.1885404','35.9477355',238.00,325,1000,623,364,65,885,163,280),(934,'2019-11-05 00:00:00','Viradouro','-48.299098','-20.8740173','Cimanglid','107.7073688','-6.6958883',234.60,119,127,765,390,241,2468,167,405),(935,'2019-10-04 00:00:00','Bafoussam','10.4284178','5.4807517','Ol’gino','36.770859','56.718213',910.10,478,747,808,158,138,223,50,68),(936,'2019-09-23 00:00:00','Daxindian','120.846204','37.619096','Samashki','45.3024464','43.2900441',151.20,672,803,785,191,96,4900,424,307),(937,'2019-10-28 00:00:00','Xijiao','116.3397725','39.9947462','La Unión','-77.1788048','1.6562817',617.70,339,576,511,94,309,3514,742,434),(938,'2019-09-20 00:00:00','Meziměstí','16.2483966','50.6261687','Radovitskiy','39.7951718','55.1264168',34.80,164,927,819,255,385,2400,26,334),(939,'2019-09-18 00:00:00','Ladner','-123.08241','49.08938','Messina','15.5445064','38.1724824',740.00,483,517,400,299,209,3645,209,249),(940,'2020-02-22 00:00:00','San Francisco','-105.4093552','20.8965838','Ad Dabbah','30.94981','18.052469',211.60,592,774,432,329,319,3450,840,289),(941,'2019-12-24 00:00:00','Tuscaloosa','-87.5482025','33.207199','Horad Rechytsa','30.39472','52.36389',567.00,198,442,816,318,88,427,920,6),(942,'2019-09-27 00:00:00','Seredka','28.203342','58.1420431','Mamuša','20.7226764','42.3273306',835.00,426,897,315,252,271,447,742,436),(943,'2019-11-30 00:00:00','Nzérékoré','-8.8252502','7.7478359','Cajati','-48.108265','-24.7300224',234.90,472,274,164,116,77,3404,464,319),(944,'2019-10-24 00:00:00','São João dos Montes','-9.0158578','38.9322221','Krayen','111.6426','-8.0871',446.30,138,172,215,343,367,793,99,283),(945,'2019-11-12 00:00:00','Rudniki','18.5985286','51.035673','Dumingag','123.3464285','8.157005',33.00,253,661,823,94,118,4694,807,123),(946,'2019-09-29 00:00:00','Barmash','20.6206167','40.2779227','Xubu','126.6828801','46.1636706',868.30,740,296,563,279,277,3729,35,114),(947,'2020-02-22 00:00:00','Szczytno','17.2264899','53.768384','Hīt','42.8253662','33.6435199',479.60,665,640,562,240,359,2996,49,174),(948,'2019-09-16 00:00:00','Sokyryany','27.4110397','48.4495656','Vysotskoye','42.9021581','45.0209955',461.70,680,198,777,346,325,2004,812,247),(949,'2020-01-06 00:00:00','Palenggihan','112.9277','-6.9621','Veliko Tŭrnovo','25.5163421','43.0892761',375.10,690,529,434,282,31,1235,970,307),(950,'2019-09-03 00:00:00','Mbaïki','17.9828138','3.8665018','Baoshi','105.204609','30.352893',918.90,101,436,661,282,165,3342,747,439),(951,'2020-01-04 00:00:00','Perho','24.5915028','61.5928356','Ráquira','-73.632154','5.5382999',359.20,576,624,565,228,78,439,604,498),(952,'2019-10-28 00:00:00','Videm pri Ptuju','15.8995273','46.3698404','San Antonio','-98.4801308','29.4418162',788.10,516,421,634,52,43,943,697,395),(953,'2020-01-03 00:00:00','Kasangulu','15.1668326','-4.5887697','Hongde','-106.5680459','31.8786249',907.60,509,477,25,168,291,1633,539,295),(954,'2019-12-18 00:00:00','Huanshan','118.337521','29.714699','Vereya','39.1006189','55.7711328',970.70,583,236,990,223,95,1820,158,236),(955,'2020-01-15 00:00:00','Mamasa','119.3250347','-2.9118209','Los Pinos','-99.1497466','19.3387759',31.30,227,338,241,139,212,594,232,439),(956,'2020-01-11 00:00:00','Selishche','48.4902341','55.7675702','Sanbao','117.1816','29.3071',486.70,401,508,734,255,316,2514,934,419),(957,'2019-12-20 00:00:00','Alejal','125.6632173','7.3850754','Bourg-lès-Valence','0.3046171','45.8892671',679.40,740,727,443,238,285,3141,739,280),(958,'2019-11-02 00:00:00','Gwoźnica Górna','21.9974055','49.8259726','Baryshivka','31.3188908','50.350705',854.70,611,606,32,306,372,1203,828,488),(959,'2019-12-18 00:00:00','Oravais','21.6601286','63.0706703','Sé','-7.8038268','41.0919871',859.00,106,335,850,215,127,454,998,201),(960,'2020-01-28 00:00:00','Bechlín','14.3468802','50.4216642','Jilong','85.297534','28.852393',888.80,182,531,90,35,35,200,201,440),(961,'2020-01-14 00:00:00','Peshtera','24.2987265','42.0298857','Chegang','130.297964','47.349916',154.20,530,644,713,397,259,264,220,169),(962,'2020-01-30 00:00:00','Manukau City','174.7738874','-36.8959075','Yangqiao','108.9329091','27.2391407',518.30,565,416,779,205,109,404,975,54),(963,'2019-12-19 00:00:00','San Mateo','121.586713','16.879252','Pavlovskiy Posad','38.6792665','55.7562751',224.30,563,323,363,253,333,4133,989,279),(964,'2019-12-19 00:00:00','Urpay','-77.3895014','-8.3478186','Sarrazola','-8.6031905','40.6892276',314.20,263,498,114,188,307,3043,929,263),(965,'2020-02-11 00:00:00','Ōkuchi','139.9803194','40.0982704','Maracaçumé','-45.9991326','-2.0133843',789.10,493,736,752,312,114,3019,485,430),(966,'2020-02-08 00:00:00','Mahuta','39.4217212','-10.8731945','Araguari','-48.1904503','-18.6517964',477.80,279,187,952,11,360,1658,328,155),(967,'2020-01-17 00:00:00','Krasnotorka','37.5280345','48.6828993','Larochette','6.2095603','49.7854424',486.40,268,968,88,394,186,332,634,443),(968,'2020-01-22 00:00:00','Tsumeb','17.728092','-19.2443226','Velikiye Luki','30.538999','56.346821',569.40,236,919,705,287,382,410,91,281),(969,'2019-12-09 00:00:00','Titiakar','101.585899','2.028983','Várzea Paulista','-46.8238911','-23.2140719',726.90,362,598,797,280,335,4520,913,209),(970,'2019-09-02 00:00:00','Bù Đốp','106.7942405','11.9891869','San Rafael','121.0190818','14.5697429',585.00,720,561,205,277,179,883,558,154),(971,'2019-10-21 00:00:00','Nanxindian','116.669972','39.663147','Xingfu','118.254644','37.031485',991.80,208,701,557,104,116,3457,26,130),(972,'2020-02-17 00:00:00','Lagyná','23.0043777','40.7240772','Narutō','140.410859','35.6083867',950.50,514,518,895,130,178,1362,76,323),(973,'2019-09-23 00:00:00','Borovskiy','65.7110972','57.0473862','Maiorca','-8.7570417','40.1430734',284.40,782,944,760,303,68,2588,320,344),(974,'2020-01-27 00:00:00','Neyagawa','135.606399','34.771214','Tuhe','119.547248','34.33629',627.40,208,470,997,69,181,3271,936,121),(975,'2019-10-09 00:00:00','Krasnovishersk','56.655672','60.0043226','Havířov','18.3442739','49.7917105',281.30,324,826,960,45,397,3093,243,179),(976,'2019-10-24 00:00:00','Kukuluk','105.9917','-6.562','Noyelles-sous-Lens','2.8830762','50.4217341',799.20,399,839,345,98,101,778,723,46),(977,'2019-12-19 00:00:00','Wojnicz','20.8378422','49.9579835','Liurenba','114.842366','29.93442',322.00,772,299,845,238,297,3020,145,139),(978,'2019-10-06 00:00:00','Linjiang','126.918087','41.811979','eSikhawini','31.9160211','-28.8676839',96.70,395,470,865,336,340,4668,556,309),(979,'2020-01-20 00:00:00','Baikouquan','85.349613','45.895779','Rundeng','97.8503951','2.6928351',459.30,734,938,733,294,284,4442,10,157),(980,'2020-02-08 00:00:00','Villarrica','-72.2307798','-39.2820124','Belleville','-77.3956004','44.165829',562.50,556,894,621,311,261,3070,253,67),(981,'2019-12-10 00:00:00','Zlatoust','59.7112737','55.1065195','Hāgere Selam','38.5217772','6.488071',537.40,773,803,856,191,325,3673,23,2),(982,'2019-09-13 00:00:00','Dragomer','14.3775361','46.0116166','Malambo','-74.8390162','10.837327',106.80,402,398,628,247,352,686,451,50),(983,'2019-10-29 00:00:00','Beiping','116.4073963','39.9041999','Placetas','-79.6558242','22.3179093',356.60,298,370,310,362,275,1570,400,341),(984,'2019-12-12 00:00:00','Gowarczów','20.4380252','51.2781803','Alto de la Estancia','-80.1791368','8.5974312',736.50,594,697,60,23,49,4272,959,476),(985,'2019-09-14 00:00:00','Villeurbanne','4.861724','45.7646846','Wenshao','120.699361','27.993828',170.70,770,165,218,335,157,1226,567,42),(986,'2019-10-19 00:00:00','Shiqiao','113.366904','22.948016','Pontal','-48.0563942','-20.9827531',555.40,706,547,613,73,291,2107,223,197),(987,'2020-01-14 00:00:00','Pondokdalem','113.4329607','-8.1252687','Linquan','115.263115','33.039715',230.80,241,181,617,215,247,1205,828,251),(988,'2019-10-10 00:00:00','Guicheng','113.197169','23.03616','Tangnan','116.209841','23.725445',744.70,138,694,137,97,214,268,874,334),(989,'2020-01-14 00:00:00','La Mesa','-116.9552547','32.4937455','Varpaisjärvi','27.755804','63.3568009',273.20,441,288,329,392,386,2156,507,147),(990,'2019-10-25 00:00:00','Baishi','100.222545','26.641315','Novoukrayinka','31.5187617','48.3226457',237.40,569,188,518,188,317,2626,570,150),(991,'2019-09-10 00:00:00','Maiduguri','13.1509672','11.8310981','Castanheiro do Sul','-7.50549','41.1199378',705.30,411,140,572,232,367,575,83,41),(992,'2020-02-22 00:00:00','Nahiyat Ghammas','44.6113601','31.7360935','Probolinggo','113.2037131','-7.7764226',789.20,610,743,383,228,221,1294,890,317),(993,'2019-12-05 00:00:00','Sindangsari','108.438797','-7.811056','Hammam-Lif','10.3441758','36.7230724',490.60,318,746,83,325,75,455,326,312),(994,'2019-09-20 00:00:00','Luodong','121.770825','24.6755872','Karlshamn','14.8628712','56.1705322',30.50,568,949,864,231,127,4533,215,249),(995,'2019-11-22 00:00:00','Muslyumovo','61.6171856','55.5939065','Abhar','49.2385339','36.1524763',898.90,727,127,395,43,137,3991,594,257),(996,'2019-10-19 00:00:00','Kasungu','33.4719832','-13.0356794','Miðvágur','-6.7716551','62.0096447',526.00,270,190,857,64,164,3834,944,52),(997,'2020-02-16 00:00:00','Antou','109.264659','34.727798','Xingfu','118.254644','37.031485',966.80,600,986,616,207,76,688,802,207),(998,'2019-10-29 00:00:00','Mangaratiba','-44.0389554','-22.9161789','San José del Guaviare','-71.2874209','2.5559441',424.10,323,521,555,304,130,4975,36,299),(999,'2020-01-01 00:00:00','Riang Tengah','105.6837789','-5.7301845','Bologoye','34.068866','57.8754385',298.10,535,1000,785,63,222,30,595,435),(1000,'2019-09-11 00:00:00','São Julião do Tojal','-9.1289108','38.8426524','Vila Nova','-8.3776801','41.5993168',298.70,159,438,90,35,35,200,179,480);
/*!40000 ALTER TABLE `orders` ENABLE KEYS */;
UNLOCK TABLES;

--
-- Table structure for table `photos`
--

DROP TABLE IF EXISTS `photos`;
/*!40101 SET @saved_cs_client     = @@character_set_client */;
 SET character_set_client = utf8mb4 ;
CREATE TABLE `photos` (
  `id` varchar(100) NOT NULL,
  `name` varchar(100) NOT NULL,
  `order_id` int(11) NOT NULL,
  PRIMARY KEY (`id`),
  KEY `order_id` (`order_id`),
  CONSTRAINT `photos_ibfk_1` FOREIGN KEY (`order_id`) REFERENCES `orders` (`id`) ON UPDATE CASCADE
) ENGINE=InnoDB DEFAULT CHARSET=utf8;
/*!40101 SET character_set_client = @saved_cs_client */;

--
-- Dumping data for table `photos`
--

LOCK TABLES `photos` WRITE;
/*!40000 ALTER TABLE `photos` DISABLE KEYS */;
/*!40000 ALTER TABLE `photos` ENABLE KEYS */;
UNLOCK TABLES;

--
-- Table structure for table `stakes`
--

DROP TABLE IF EXISTS `stakes`;
/*!40101 SET @saved_cs_client     = @@character_set_client */;
 SET character_set_client = utf8mb4 ;
CREATE TABLE `stakes` (
  `id` int(11) NOT NULL AUTO_INCREMENT,
  `created` datetime NOT NULL DEFAULT CURRENT_TIMESTAMP,
  `driver_price` float(6,2) NOT NULL,
  `broker_price` float(6,2) NOT NULL,
  `percent` float(3,1) NOT NULL,
  `status` enum('Accepted','Denied','Pending') NOT NULL DEFAULT 'Pending',
  `order_id` int(11) NOT NULL,
  `driver_id` int(11) NOT NULL,
  `manager_id` int(11) NOT NULL,
  PRIMARY KEY (`id`),
  UNIQUE KEY `stakes_order_id_driver_id_manager_id` (`order_id`,`driver_id`,`manager_id`),
  KEY `driver_id` (`driver_id`),
  KEY `manager_id` (`manager_id`),
  CONSTRAINT `stakes_ibfk_1` FOREIGN KEY (`order_id`) REFERENCES `orders` (`id`) ON DELETE CASCADE ON UPDATE CASCADE,
  CONSTRAINT `stakes_ibfk_2` FOREIGN KEY (`driver_id`) REFERENCES `drivers` (`id`) ON DELETE CASCADE ON UPDATE CASCADE,
  CONSTRAINT `stakes_ibfk_3` FOREIGN KEY (`manager_id`) REFERENCES `managers` (`id`) ON DELETE CASCADE ON UPDATE CASCADE
) ENGINE=InnoDB AUTO_INCREMENT=3003 DEFAULT CHARSET=utf8;
/*!40101 SET character_set_client = @saved_cs_client */;

--
-- Dumping data for table `stakes`
--

LOCK TABLES `stakes` WRITE;
/*!40000 ALTER TABLE `stakes` DISABLE KEYS */;
INSERT INTO `stakes` VALUES (1,'2020-02-27 00:00:00',536.00,627.00,17.0,'Denied',833,8,5),(8,'2020-02-26 00:00:00',533.00,624.00,17.0,'Pending',825,4,1),(12,'2020-02-27 00:00:00',874.00,1093.00,25.0,'Pending',806,8,4),(13,'2020-02-26 00:00:00',834.00,959.00,15.0,'Pending',359,10,9),(18,'2020-02-27 00:00:00',600.00,738.00,23.0,'Denied',81,4,9),(19,'2020-02-28 00:00:00',35.00,42.00,19.0,'Denied',662,9,3),(21,'2020-02-27 00:00:00',133.00,154.00,16.0,'Pending',425,8,5),(24,'2020-02-28 00:00:00',890.00,1077.00,21.0,'Pending',523,4,4),(28,'2020-02-28 00:00:00',663.00,776.00,17.0,'Pending',804,8,4),(29,'2020-02-28 00:00:00',334.00,387.00,16.0,'Denied',13,10,3),(32,'2020-02-27 00:00:00',728.00,859.00,18.0,'Accepted',873,4,9),(33,'2020-02-26 00:00:00',187.00,234.00,25.0,'Denied',540,4,6),(34,'2020-02-28 00:00:00',815.00,954.00,17.0,'Denied',144,4,9),(37,'2020-02-26 00:00:00',683.00,820.00,20.0,'Accepted',32,8,10),(40,'2020-02-27 00:00:00',361.00,437.00,21.0,'Pending',512,8,10),(42,'2020-02-28 00:00:00',276.00,342.00,24.0,'Denied',207,10,4),(46,'2020-02-28 00:00:00',624.00,774.00,24.0,'Accepted',111,8,7),(48,'2020-02-28 00:00:00',232.00,278.00,20.0,'Denied',206,9,9),(50,'2020-02-27 00:00:00',411.00,489.00,19.0,'Denied',772,9,3),(51,'2020-02-27 00:00:00',947.00,1089.00,15.0,'Pending',897,10,2),(52,'2020-02-27 00:00:00',334.00,394.00,18.0,'Pending',840,5,9),(56,'2020-02-28 00:00:00',881.00,1048.00,19.0,'Accepted',791,4,1),(57,'2020-02-27 00:00:00',854.00,1050.00,23.0,'Accepted',364,5,8),(61,'2020-02-26 00:00:00',390.00,480.00,23.0,'Denied',375,10,2),(62,'2020-02-28 00:00:00',257.00,311.00,21.0,'Accepted',284,9,1),(66,'2020-02-28 00:00:00',888.00,1101.00,24.0,'Accepted',553,10,4),(68,'2020-02-26 00:00:00',336.00,420.00,25.0,'Accepted',276,5,7),(71,'2020-02-26 00:00:00',312.00,384.00,23.0,'Denied',725,10,6),(74,'2020-02-26 00:00:00',818.00,973.00,19.0,'Pending',745,9,7),(77,'2020-02-26 00:00:00',419.00,524.00,25.0,'Accepted',945,9,5),(78,'2020-02-28 00:00:00',805.00,982.00,22.0,'Denied',119,10,3),(79,'2020-02-27 00:00:00',236.00,274.00,16.0,'Accepted',543,8,10),(80,'2020-02-28 00:00:00',273.00,322.00,18.0,'Denied',873,5,6),(81,'2020-02-27 00:00:00',368.00,445.00,21.0,'Accepted',384,8,7),(82,'2020-02-26 00:00:00',410.00,508.00,24.0,'Pending',17,8,9),(84,'2020-02-27 00:00:00',895.00,1101.00,23.0,'Accepted',795,9,4),(85,'2020-02-27 00:00:00',969.00,1134.00,17.0,'Pending',472,4,2),(86,'2020-02-27 00:00:00',773.00,889.00,15.0,'Denied',635,9,9),(87,'2020-02-26 00:00:00',641.00,769.00,20.0,'Accepted',895,8,5),(88,'2020-02-27 00:00:00',220.00,262.00,19.0,'Pending',921,5,7),(91,'2020-02-27 00:00:00',656.00,794.00,21.0,'Pending',450,9,4),(93,'2020-02-26 00:00:00',962.00,1154.00,20.0,'Denied',13,7,2),(96,'2020-02-27 00:00:00',760.00,950.00,25.0,'Denied',113,4,1),(101,'2020-02-26 00:00:00',529.00,661.00,25.0,'Pending',440,10,2),(103,'2020-02-26 00:00:00',426.00,520.00,22.0,'Accepted',33,9,10),(105,'2020-02-28 00:00:00',584.00,677.00,16.0,'Pending',221,8,9),(108,'2020-02-26 00:00:00',300.00,345.00,15.0,'Accepted',769,10,3),(110,'2020-02-26 00:00:00',53.00,63.00,19.0,'Pending',654,9,1),(113,'2020-02-27 00:00:00',921.00,1124.00,22.0,'Accepted',799,9,3),(114,'2020-02-26 00:00:00',343.00,412.00,20.0,'Accepted',204,9,7),(116,'2020-02-27 00:00:00',777.00,925.00,19.0,'Pending',537,10,4),(117,'2020-02-27 00:00:00',575.00,702.00,22.0,'Pending',603,10,3),(118,'2020-02-26 00:00:00',272.00,326.00,20.0,'Accepted',543,4,3),(119,'2020-02-26 00:00:00',909.00,1100.00,21.0,'Denied',34,8,6),(120,'2020-02-26 00:00:00',47.00,55.00,16.0,'Denied',627,9,2),(121,'2020-02-27 00:00:00',508.00,584.00,15.0,'Pending',420,10,5),(122,'2020-02-27 00:00:00',268.00,314.00,17.0,'Denied',448,9,7),(124,'2020-02-28 00:00:00',620.00,756.00,22.0,'Pending',745,10,4),(127,'2020-02-26 00:00:00',635.00,794.00,25.0,'Pending',59,10,1),(128,'2020-02-26 00:00:00',138.00,171.00,24.0,'Pending',338,9,4),(129,'2020-02-27 00:00:00',584.00,683.00,17.0,'Pending',863,4,6),(130,'2020-02-27 00:00:00',379.00,451.00,19.0,'Denied',143,5,1),(132,'2020-02-26 00:00:00',914.00,1133.00,24.0,'Denied',569,9,8),(135,'2020-02-26 00:00:00',129.00,154.00,19.0,'Accepted',673,9,2),(136,'2020-02-27 00:00:00',880.00,1030.00,17.0,'Pending',206,9,3),(137,'2020-02-26 00:00:00',147.00,184.00,25.0,'Accepted',368,8,2),(139,'2020-02-28 00:00:00',381.00,438.00,15.0,'Denied',258,8,10),(140,'2020-02-26 00:00:00',74.00,89.00,20.0,'Pending',113,8,4),(144,'2020-02-27 00:00:00',520.00,624.00,20.0,'Accepted',509,9,3),(145,'2020-02-26 00:00:00',682.00,798.00,17.0,'Pending',360,8,2),(147,'2020-02-26 00:00:00',417.00,484.00,16.0,'Denied',829,8,2),(148,'2020-02-26 00:00:00',301.00,370.00,23.0,'Pending',193,4,5),(151,'2020-02-26 00:00:00',712.00,833.00,17.0,'Accepted',803,8,1),(152,'2020-02-28 00:00:00',621.00,758.00,22.0,'Accepted',543,10,2),(153,'2020-02-26 00:00:00',781.00,976.00,25.0,'Pending',982,10,7),(156,'2020-02-27 00:00:00',119.00,145.00,22.0,'Denied',518,9,10),(157,'2020-02-26 00:00:00',468.00,576.00,23.0,'Denied',857,8,2),(158,'2020-02-26 00:00:00',482.00,578.00,20.0,'Denied',905,9,8),(159,'2020-02-28 00:00:00',267.00,318.00,19.0,'Pending',784,10,8),(160,'2020-02-27 00:00:00',990.00,1148.00,16.0,'Pending',979,10,10),(164,'2020-02-28 00:00:00',904.00,1130.00,25.0,'Pending',459,10,3),(166,'2020-02-27 00:00:00',814.00,969.00,19.0,'Denied',722,8,1),(168,'2020-02-27 00:00:00',642.00,790.00,23.0,'Accepted',831,10,10),(170,'2020-02-26 00:00:00',293.00,337.00,15.0,'Denied',675,9,4),(173,'2020-02-27 00:00:00',314.00,386.00,23.0,'Denied',905,9,10),(174,'2020-02-27 00:00:00',56.00,69.00,23.0,'Accepted',834,4,8),(175,'2020-02-28 00:00:00',180.00,212.00,18.0,'Denied',847,4,5),(176,'2020-02-26 00:00:00',609.00,719.00,18.0,'Accepted',375,5,4),(177,'2020-02-27 00:00:00',93.00,116.00,25.0,'Pending',870,8,9),(182,'2020-02-28 00:00:00',768.00,960.00,25.0,'Denied',878,10,2),(185,'2020-02-26 00:00:00',437.00,524.00,20.0,'Pending',416,10,6),(191,'2020-02-28 00:00:00',16.00,20.00,23.0,'Pending',480,5,1),(192,'2020-02-27 00:00:00',472.00,566.00,20.0,'Accepted',390,10,3),(196,'2020-02-27 00:00:00',302.00,350.00,16.0,'Pending',1000,7,3),(197,'2020-02-27 00:00:00',81.00,97.00,20.0,'Accepted',12,8,10),(199,'2020-02-28 00:00:00',244.00,290.00,19.0,'Pending',753,8,4),(202,'2020-02-27 00:00:00',113.00,131.00,16.0,'Denied',51,10,4),(203,'2020-02-27 00:00:00',925.00,1129.00,22.0,'Accepted',850,8,2),(206,'2020-02-26 00:00:00',254.00,318.00,25.0,'Denied',363,4,7),(207,'2020-02-27 00:00:00',135.00,159.00,18.0,'Accepted',383,9,9),(208,'2020-02-26 00:00:00',594.00,707.00,19.0,'Denied',814,8,7),(210,'2020-02-28 00:00:00',972.00,1137.00,17.0,'Pending',544,10,9),(211,'2020-02-26 00:00:00',327.00,396.00,21.0,'Accepted',696,8,10),(215,'2020-02-26 00:00:00',349.00,412.00,18.0,'Denied',855,5,8),(216,'2020-02-28 00:00:00',141.00,175.00,24.0,'Denied',857,8,5),(217,'2020-02-27 00:00:00',257.00,296.00,15.0,'Accepted',534,8,3),(218,'2020-02-26 00:00:00',854.00,1033.00,21.0,'Pending',562,5,1),(221,'2020-02-28 00:00:00',304.00,371.00,22.0,'Denied',304,4,2),(226,'2020-02-26 00:00:00',356.00,441.00,24.0,'Accepted',859,4,8),(229,'2020-02-26 00:00:00',979.00,1185.00,21.0,'Pending',817,8,10),(231,'2020-02-27 00:00:00',101.00,116.00,15.0,'Pending',729,10,5),(234,'2020-02-27 00:00:00',603.00,736.00,22.0,'Pending',134,5,4),(237,'2020-02-28 00:00:00',417.00,513.00,23.0,'Denied',953,4,5),(238,'2020-02-27 00:00:00',538.00,619.00,15.0,'Accepted',52,9,5),(240,'2020-02-28 00:00:00',76.00,88.00,16.0,'Accepted',295,10,4),(241,'2020-02-26 00:00:00',895.00,1047.00,17.0,'Accepted',563,8,4),(243,'2020-02-28 00:00:00',748.00,883.00,18.0,'Pending',959,8,4),(245,'2020-02-28 00:00:00',212.00,261.00,23.0,'Pending',900,9,8),(246,'2020-02-28 00:00:00',700.00,812.00,16.0,'Accepted',204,8,1),(249,'2020-02-26 00:00:00',347.00,420.00,21.0,'Denied',40,8,3),(253,'2020-02-28 00:00:00',555.00,649.00,17.0,'Accepted',473,10,7),(254,'2020-02-26 00:00:00',143.00,177.00,24.0,'Pending',680,10,6),(255,'2020-02-26 00:00:00',363.00,446.00,23.0,'Denied',253,9,3),(256,'2020-02-26 00:00:00',483.00,604.00,25.0,'Denied',91,10,7),(263,'2020-02-27 00:00:00',168.00,205.00,22.0,'Pending',634,8,1),(265,'2020-02-27 00:00:00',915.00,1080.00,18.0,'Pending',721,9,6),(269,'2020-02-26 00:00:00',710.00,859.00,21.0,'Accepted',687,9,7),(274,'2020-02-26 00:00:00',551.00,656.00,19.0,'Pending',139,8,7),(275,'2020-02-28 00:00:00',97.00,118.00,22.0,'Denied',176,4,6),(277,'2020-02-27 00:00:00',369.00,432.00,17.0,'Pending',840,10,8),(285,'2020-02-26 00:00:00',465.00,581.00,25.0,'Denied',75,9,9),(287,'2020-02-27 00:00:00',687.00,811.00,18.0,'Pending',973,4,4),(288,'2020-02-28 00:00:00',596.00,739.00,24.0,'Accepted',217,8,2),(289,'2020-02-28 00:00:00',353.00,406.00,15.0,'Accepted',317,5,8),(291,'2020-02-26 00:00:00',557.00,641.00,15.0,'Denied',547,9,1),(292,'2020-02-26 00:00:00',224.00,267.00,19.0,'Accepted',333,9,8),(296,'2020-02-26 00:00:00',412.00,478.00,16.0,'Accepted',10,9,7),(298,'2020-02-28 00:00:00',107.00,127.00,19.0,'Pending',563,9,2),(300,'2020-02-28 00:00:00',725.00,899.00,24.0,'Pending',185,8,10),(302,'2020-02-28 00:00:00',327.00,409.00,25.0,'Denied',857,10,3),(304,'2020-02-26 00:00:00',324.00,392.00,21.0,'Accepted',187,9,8),(306,'2020-02-26 00:00:00',190.00,228.00,20.0,'Pending',872,10,9),(307,'2020-02-28 00:00:00',467.00,584.00,25.0,'Pending',17,9,7),(308,'2020-02-28 00:00:00',753.00,889.00,18.0,'Denied',509,10,2),(309,'2020-02-26 00:00:00',453.00,521.00,15.0,'Pending',537,8,4),(311,'2020-02-27 00:00:00',277.00,332.00,20.0,'Pending',790,8,3),(313,'2020-02-27 00:00:00',969.00,1114.00,15.0,'Pending',898,8,6),(316,'2020-02-28 00:00:00',301.00,367.00,22.0,'Accepted',603,8,6),(322,'2020-02-26 00:00:00',207.00,257.00,24.0,'Pending',60,8,1),(324,'2020-02-28 00:00:00',757.00,893.00,18.0,'Denied',16,10,6),(326,'2020-02-26 00:00:00',638.00,740.00,16.0,'Pending',969,9,5),(328,'2020-02-26 00:00:00',13.00,16.00,20.0,'Accepted',379,8,7),(330,'2020-02-27 00:00:00',566.00,685.00,21.0,'Pending',434,5,5),(331,'2020-02-26 00:00:00',519.00,638.00,23.0,'Pending',278,8,7),(344,'2020-02-26 00:00:00',908.00,1081.00,19.0,'Pending',112,8,10),(346,'2020-02-27 00:00:00',963.00,1184.00,23.0,'Denied',28,4,4),(348,'2020-02-26 00:00:00',437.00,511.00,17.0,'Pending',950,5,5),(349,'2020-02-26 00:00:00',153.00,184.00,20.0,'Accepted',417,8,5),(350,'2020-02-27 00:00:00',463.00,546.00,18.0,'Denied',122,10,4),(353,'2020-02-28 00:00:00',179.00,211.00,18.0,'Pending',942,9,3),(354,'2020-02-28 00:00:00',515.00,623.00,21.0,'Pending',422,4,2),(356,'2020-02-27 00:00:00',863.00,1036.00,20.0,'Accepted',780,4,5),(362,'2020-02-27 00:00:00',487.00,575.00,18.0,'Denied',609,10,4),(368,'2020-02-27 00:00:00',56.00,66.00,17.0,'Pending',787,10,6),(371,'2020-02-28 00:00:00',581.00,686.00,18.0,'Pending',509,4,6),(372,'2020-02-27 00:00:00',195.00,236.00,21.0,'Pending',721,5,9),(375,'2020-02-28 00:00:00',721.00,887.00,23.0,'Pending',661,9,5),(376,'2020-02-26 00:00:00',854.00,1025.00,20.0,'Pending',715,5,10),(379,'2020-02-27 00:00:00',310.00,369.00,19.0,'Denied',725,4,1),(381,'2020-02-28 00:00:00',612.00,716.00,17.0,'Pending',397,9,10),(387,'2020-02-26 00:00:00',114.00,136.00,19.0,'Pending',15,8,6),(395,'2020-02-27 00:00:00',305.00,351.00,15.0,'Denied',905,8,5),(402,'2020-02-26 00:00:00',807.00,993.00,23.0,'Pending',964,9,1),(405,'2020-02-27 00:00:00',721.00,851.00,18.0,'Denied',513,10,3),(412,'2020-02-26 00:00:00',683.00,813.00,19.0,'Pending',496,9,10),(414,'2020-02-26 00:00:00',89.00,107.00,20.0,'Denied',744,9,8),(415,'2020-02-28 00:00:00',272.00,329.00,21.0,'Denied',786,4,2),(421,'2020-02-26 00:00:00',911.00,1102.00,21.0,'Denied',134,10,2),(427,'2020-02-27 00:00:00',144.00,168.00,17.0,'Denied',470,8,7),(428,'2020-02-26 00:00:00',357.00,421.00,18.0,'Accepted',691,10,6),(430,'2020-02-26 00:00:00',694.00,840.00,21.0,'Pending',577,5,5),(432,'2020-02-28 00:00:00',349.00,408.00,17.0,'Pending',33,10,8),(436,'2020-02-28 00:00:00',11.00,14.00,25.0,'Pending',654,8,10),(437,'2020-02-26 00:00:00',525.00,620.00,18.0,'Accepted',643,8,5),(441,'2020-02-26 00:00:00',532.00,654.00,23.0,'Denied',525,8,8),(444,'2020-02-26 00:00:00',759.00,873.00,15.0,'Denied',345,10,10),(445,'2020-02-28 00:00:00',189.00,234.00,24.0,'Accepted',483,10,2),(452,'2020-02-27 00:00:00',850.00,1029.00,21.0,'Denied',737,10,4),(454,'2020-02-28 00:00:00',655.00,786.00,20.0,'Pending',27,10,10),(456,'2020-02-27 00:00:00',575.00,679.00,18.0,'Accepted',89,10,6),(458,'2020-02-27 00:00:00',365.00,438.00,20.0,'Pending',349,8,9),(461,'2020-02-27 00:00:00',330.00,389.00,18.0,'Accepted',6,4,5),(463,'2020-02-26 00:00:00',26.00,31.00,21.0,'Pending',848,9,3),(464,'2020-02-26 00:00:00',981.00,1207.00,23.0,'Denied',197,8,10),(468,'2020-02-27 00:00:00',452.00,565.00,25.0,'Pending',64,9,1),(470,'2020-02-27 00:00:00',527.00,611.00,16.0,'Accepted',957,5,10),(471,'2020-02-26 00:00:00',870.00,1061.00,22.0,'Pending',366,9,8),(473,'2020-02-28 00:00:00',403.00,504.00,25.0,'Accepted',873,5,3),(476,'2020-02-26 00:00:00',336.00,403.00,20.0,'Pending',409,5,2),(478,'2020-02-28 00:00:00',929.00,1078.00,16.0,'Accepted',157,9,9),(479,'2020-02-26 00:00:00',916.00,1136.00,24.0,'Denied',432,9,10),(481,'2020-02-26 00:00:00',779.00,966.00,24.0,'Accepted',557,4,4),(483,'2020-02-27 00:00:00',235.00,280.00,19.0,'Accepted',171,5,5),(484,'2020-02-26 00:00:00',846.00,1007.00,19.0,'Denied',514,8,4),(485,'2020-02-27 00:00:00',587.00,716.00,22.0,'Accepted',432,9,5),(487,'2020-02-26 00:00:00',862.00,1034.00,20.0,'Denied',781,8,6),(491,'2020-02-28 00:00:00',437.00,520.00,19.0,'Accepted',414,8,3),(495,'2020-02-28 00:00:00',89.00,102.00,15.0,'Accepted',66,5,2),(497,'2020-02-26 00:00:00',494.00,618.00,25.0,'Denied',390,8,1),(499,'2020-02-27 00:00:00',659.00,758.00,15.0,'Accepted',593,9,1),(500,'2020-02-27 00:00:00',630.00,731.00,16.0,'Accepted',566,8,6),(502,'2020-02-26 00:00:00',242.00,281.00,16.0,'Denied',980,8,3),(504,'2020-02-27 00:00:00',375.00,439.00,17.0,'Denied',286,9,10),(507,'2020-02-26 00:00:00',210.00,246.00,17.0,'Pending',42,9,5),(508,'2020-02-27 00:00:00',489.00,597.00,22.0,'Pending',211,9,1),(509,'2020-02-28 00:00:00',758.00,910.00,20.0,'Accepted',89,8,6),(514,'2020-02-28 00:00:00',766.00,950.00,24.0,'Pending',470,2,1),(517,'2020-02-28 00:00:00',915.00,1135.00,24.0,'Denied',444,9,6),(527,'2020-02-27 00:00:00',800.00,976.00,22.0,'Pending',899,9,9),(532,'2020-02-26 00:00:00',777.00,963.00,24.0,'Accepted',650,9,2),(533,'2020-02-26 00:00:00',559.00,643.00,15.0,'Denied',737,9,3),(535,'2020-02-26 00:00:00',981.00,1216.00,24.0,'Accepted',979,9,6),(537,'2020-02-26 00:00:00',18.00,22.00,22.0,'Pending',850,10,2),(538,'2020-02-26 00:00:00',529.00,651.00,23.0,'Pending',409,9,4),(547,'2020-02-26 00:00:00',271.00,336.00,24.0,'Accepted',238,8,7),(549,'2020-02-27 00:00:00',326.00,401.00,23.0,'Pending',739,4,5),(551,'2020-02-26 00:00:00',870.00,1079.00,24.0,'Accepted',15,10,1),(552,'2020-02-27 00:00:00',257.00,316.00,23.0,'Accepted',913,8,2),(553,'2020-02-28 00:00:00',968.00,1142.00,18.0,'Accepted',440,9,10),(555,'2020-02-28 00:00:00',459.00,528.00,15.0,'Denied',743,9,1),(556,'2020-02-27 00:00:00',847.00,1025.00,21.0,'Denied',195,10,7),(557,'2020-02-26 00:00:00',600.00,738.00,23.0,'Accepted',966,10,6),(561,'2020-02-27 00:00:00',703.00,830.00,18.0,'Accepted',952,5,8),(564,'2020-02-26 00:00:00',726.00,871.00,20.0,'Pending',204,9,6),(566,'2020-02-28 00:00:00',554.00,687.00,24.0,'Accepted',32,4,3),(571,'2020-02-27 00:00:00',48.00,58.00,20.0,'Denied',174,9,10),(572,'2020-02-27 00:00:00',234.00,269.00,15.0,'Pending',267,4,3),(574,'2020-02-28 00:00:00',942.00,1149.00,22.0,'Denied',327,8,5),(575,'2020-02-26 00:00:00',139.00,171.00,23.0,'Denied',569,4,3),(578,'2020-02-27 00:00:00',766.00,881.00,15.0,'Accepted',182,5,10),(580,'2020-02-26 00:00:00',586.00,721.00,23.0,'Pending',353,9,10),(581,'2020-02-26 00:00:00',945.00,1143.00,21.0,'Pending',261,4,9),(582,'2020-02-28 00:00:00',503.00,624.00,24.0,'Pending',202,5,1),(585,'2020-02-26 00:00:00',455.00,551.00,21.0,'Pending',664,8,2),(586,'2020-02-28 00:00:00',186.00,216.00,16.0,'Pending',614,5,4),(587,'2020-02-28 00:00:00',219.00,274.00,25.0,'Accepted',501,10,5),(591,'2020-02-26 00:00:00',380.00,464.00,22.0,'Denied',117,8,10),(596,'2020-02-27 00:00:00',767.00,936.00,22.0,'Pending',794,8,8),(598,'2020-02-26 00:00:00',475.00,580.00,22.0,'Denied',685,8,2),(600,'2020-02-26 00:00:00',94.00,116.00,23.0,'Accepted',854,9,1),(603,'2020-02-26 00:00:00',21.00,25.00,19.0,'Denied',921,5,2),(604,'2020-02-27 00:00:00',30.00,35.00,17.0,'Accepted',795,8,6),(607,'2020-02-28 00:00:00',414.00,476.00,15.0,'Accepted',823,9,10),(608,'2020-02-28 00:00:00',189.00,223.00,18.0,'Accepted',148,10,10),(616,'2020-02-27 00:00:00',177.00,218.00,23.0,'Pending',989,8,4),(618,'2020-02-26 00:00:00',702.00,814.00,16.0,'Pending',960,5,2),(619,'2020-02-27 00:00:00',957.00,1110.00,16.0,'Denied',707,10,9),(621,'2020-02-26 00:00:00',276.00,317.00,15.0,'Accepted',13,7,8),(622,'2020-02-27 00:00:00',129.00,160.00,24.0,'Denied',36,10,6),(623,'2020-02-26 00:00:00',794.00,985.00,24.0,'Denied',453,10,9),(624,'2020-02-26 00:00:00',935.00,1085.00,16.0,'Accepted',5,8,4),(625,'2020-02-26 00:00:00',524.00,613.00,17.0,'Accepted',279,8,8),(628,'2020-02-27 00:00:00',718.00,826.00,15.0,'Denied',687,8,8),(629,'2020-02-26 00:00:00',609.00,749.00,23.0,'Pending',962,5,2),(630,'2020-02-26 00:00:00',954.00,1145.00,20.0,'Denied',558,10,2),(633,'2020-02-26 00:00:00',837.00,988.00,18.0,'Pending',953,10,4),(635,'2020-02-27 00:00:00',686.00,830.00,21.0,'Denied',813,9,3),(638,'2020-02-26 00:00:00',195.00,230.00,18.0,'Accepted',908,10,3),(639,'2020-02-27 00:00:00',825.00,1031.00,25.0,'Accepted',339,9,4),(641,'2020-02-27 00:00:00',315.00,394.00,25.0,'Denied',79,8,4),(642,'2020-02-26 00:00:00',600.00,726.00,21.0,'Accepted',421,9,5),(645,'2020-02-27 00:00:00',543.00,635.00,17.0,'Pending',132,8,10),(650,'2020-02-26 00:00:00',297.00,359.00,21.0,'Accepted',236,8,1),(651,'2020-02-28 00:00:00',401.00,493.00,23.0,'Denied',62,10,1),(652,'2020-02-26 00:00:00',542.00,667.00,23.0,'Accepted',670,8,8),(655,'2020-02-27 00:00:00',605.00,702.00,16.0,'Denied',824,10,7),(658,'2020-02-27 00:00:00',457.00,567.00,24.0,'Pending',64,4,4),(660,'2020-02-26 00:00:00',452.00,538.00,19.0,'Accepted',205,3,3),(661,'2020-02-26 00:00:00',708.00,835.00,18.0,'Pending',987,5,3),(663,'2020-02-26 00:00:00',824.00,997.00,21.0,'Pending',106,5,7),(665,'2020-02-26 00:00:00',536.00,616.00,15.0,'Accepted',925,4,5),(667,'2020-02-27 00:00:00',495.00,609.00,23.0,'Pending',84,10,10),(670,'2020-02-27 00:00:00',498.00,573.00,15.0,'Denied',992,7,9),(671,'2020-02-27 00:00:00',271.00,328.00,21.0,'Accepted',76,10,4),(672,'2020-02-26 00:00:00',371.00,456.00,23.0,'Pending',769,8,10),(673,'2020-02-28 00:00:00',143.00,164.00,15.0,'Accepted',258,4,7),(674,'2020-02-27 00:00:00',555.00,672.00,21.0,'Accepted',9,4,10),(675,'2020-02-28 00:00:00',553.00,691.00,25.0,'Accepted',543,4,7),(677,'2020-02-28 00:00:00',223.00,270.00,21.0,'Pending',584,5,1),(678,'2020-02-27 00:00:00',382.00,439.00,15.0,'Accepted',509,9,1),(679,'2020-02-26 00:00:00',368.00,431.00,17.0,'Denied',657,10,5),(680,'2020-02-27 00:00:00',666.00,773.00,16.0,'Pending',747,9,4),(683,'2020-02-27 00:00:00',26.00,32.00,24.0,'Denied',166,9,2),(684,'2020-02-26 00:00:00',288.00,346.00,20.0,'Pending',202,10,8),(685,'2020-02-27 00:00:00',751.00,879.00,17.0,'Accepted',436,4,3),(688,'2020-02-28 00:00:00',355.00,412.00,16.0,'Denied',663,4,7),(690,'2020-02-28 00:00:00',138.00,164.00,19.0,'Denied',209,4,6),(692,'2020-02-27 00:00:00',618.00,717.00,16.0,'Pending',342,4,3),(695,'2020-02-26 00:00:00',573.00,716.00,25.0,'Pending',783,10,9),(698,'2020-02-28 00:00:00',203.00,244.00,20.0,'Pending',906,5,3),(700,'2020-02-27 00:00:00',984.00,1161.00,18.0,'Pending',542,4,6),(707,'2020-02-27 00:00:00',113.00,134.00,19.0,'Denied',458,4,2),(708,'2020-02-26 00:00:00',53.00,63.00,19.0,'Denied',883,10,9),(716,'2020-02-28 00:00:00',679.00,815.00,20.0,'Denied',288,10,4),(719,'2020-02-28 00:00:00',119.00,138.00,16.0,'Pending',480,4,8),(720,'2020-02-27 00:00:00',442.00,517.00,17.0,'Denied',922,8,6),(721,'2020-02-28 00:00:00',706.00,868.00,23.0,'Pending',678,9,5),(723,'2020-02-26 00:00:00',897.00,1085.00,21.0,'Accepted',374,9,2),(725,'2020-02-26 00:00:00',510.00,597.00,17.0,'Denied',286,10,4),(726,'2020-02-28 00:00:00',757.00,886.00,17.0,'Accepted',260,10,8),(727,'2020-02-28 00:00:00',500.00,595.00,19.0,'Accepted',797,10,2),(728,'2020-02-28 00:00:00',484.00,600.00,24.0,'Pending',137,5,5),(731,'2020-02-26 00:00:00',126.00,155.00,23.0,'Accepted',16,8,3),(733,'2020-02-28 00:00:00',526.00,658.00,25.0,'Pending',661,4,7),(734,'2020-02-26 00:00:00',699.00,818.00,17.0,'Pending',575,9,7),(738,'2020-02-26 00:00:00',716.00,845.00,18.0,'Denied',770,10,7),(739,'2020-02-26 00:00:00',98.00,115.00,17.0,'Pending',589,10,7),(742,'2020-02-27 00:00:00',790.00,916.00,16.0,'Accepted',750,10,4),(744,'2020-02-28 00:00:00',70.00,84.00,20.0,'Denied',325,5,4),(753,'2020-02-28 00:00:00',550.00,660.00,20.0,'Pending',420,4,9),(755,'2020-02-27 00:00:00',588.00,729.00,24.0,'Denied',574,5,2),(757,'2020-02-28 00:00:00',105.00,130.00,24.0,'Pending',476,10,8),(758,'2020-02-27 00:00:00',500.00,605.00,21.0,'Accepted',979,9,4),(767,'2020-02-28 00:00:00',500.00,575.00,15.0,'Denied',597,9,2),(770,'2020-02-27 00:00:00',888.00,1057.00,19.0,'Denied',397,8,4),(775,'2020-02-27 00:00:00',888.00,1074.00,21.0,'Denied',973,9,2),(777,'2020-02-26 00:00:00',42.00,50.00,18.0,'Denied',172,9,8),(779,'2020-02-28 00:00:00',820.00,951.00,16.0,'Pending',929,7,6),(783,'2020-02-27 00:00:00',569.00,671.00,18.0,'Denied',603,8,2),(786,'2020-02-28 00:00:00',279.00,343.00,23.0,'Accepted',283,9,2),(787,'2020-02-26 00:00:00',305.00,372.00,22.0,'Denied',771,10,5),(788,'2020-02-27 00:00:00',887.00,1091.00,23.0,'Pending',3,8,4),(789,'2020-02-27 00:00:00',509.00,611.00,20.0,'Denied',749,7,10),(792,'2020-02-27 00:00:00',803.00,956.00,19.0,'Pending',258,10,6),(793,'2020-02-26 00:00:00',111.00,128.00,15.0,'Denied',502,4,2),(795,'2020-02-27 00:00:00',275.00,322.00,17.0,'Accepted',252,8,10),(796,'2020-02-27 00:00:00',853.00,1041.00,22.0,'Denied',307,9,4),(798,'2020-02-28 00:00:00',703.00,815.00,16.0,'Pending',997,10,6),(799,'2020-02-26 00:00:00',644.00,760.00,18.0,'Accepted',908,5,3),(801,'2020-02-27 00:00:00',506.00,617.00,22.0,'Denied',233,4,10),(803,'2020-02-27 00:00:00',624.00,724.00,16.0,'Pending',404,10,10),(804,'2020-02-27 00:00:00',225.00,266.00,18.0,'Pending',134,4,6),(806,'2020-02-27 00:00:00',908.00,1071.00,18.0,'Denied',684,10,2),(808,'2020-02-26 00:00:00',524.00,613.00,17.0,'Pending',807,10,9),(810,'2020-02-28 00:00:00',947.00,1099.00,16.0,'Denied',469,9,3),(814,'2020-02-26 00:00:00',62.00,72.00,16.0,'Accepted',460,7,1),(821,'2020-02-27 00:00:00',450.00,522.00,16.0,'Accepted',424,9,8),(824,'2020-02-28 00:00:00',712.00,862.00,21.0,'Denied',392,9,7),(826,'2020-02-27 00:00:00',14.00,16.00,16.0,'Pending',988,8,7),(831,'2020-02-26 00:00:00',290.00,334.00,15.0,'Denied',435,10,3),(832,'2020-02-28 00:00:00',955.00,1127.00,18.0,'Accepted',739,10,4),(833,'2020-02-26 00:00:00',56.00,69.00,24.0,'Accepted',107,4,8),(839,'2020-02-27 00:00:00',598.00,700.00,17.0,'Pending',359,9,2),(842,'2020-02-28 00:00:00',17.00,21.00,21.0,'Accepted',762,9,9),(843,'2020-02-28 00:00:00',217.00,260.00,20.0,'Accepted',805,9,10),(845,'2020-02-26 00:00:00',805.00,974.00,21.0,'Denied',539,9,1),(846,'2020-02-28 00:00:00',863.00,1027.00,19.0,'Accepted',856,9,9),(848,'2020-02-27 00:00:00',156.00,192.00,23.0,'Pending',515,8,10),(853,'2020-02-26 00:00:00',808.00,1002.00,24.0,'Accepted',684,9,4),(854,'2020-02-26 00:00:00',808.00,937.00,16.0,'Denied',738,8,10),(855,'2020-02-26 00:00:00',849.00,1010.00,19.0,'Pending',93,9,2),(857,'2020-02-27 00:00:00',130.00,161.00,24.0,'Pending',984,9,3),(859,'2020-02-28 00:00:00',582.00,687.00,18.0,'Denied',665,8,4),(860,'2020-02-28 00:00:00',620.00,775.00,25.0,'Denied',22,10,10),(864,'2020-02-28 00:00:00',862.00,1069.00,24.0,'Pending',239,9,1),(869,'2020-02-27 00:00:00',877.00,1017.00,16.0,'Pending',163,10,10),(871,'2020-02-27 00:00:00',451.00,555.00,23.0,'Denied',906,9,1),(872,'2020-02-26 00:00:00',693.00,811.00,17.0,'Pending',725,4,8),(873,'2020-02-28 00:00:00',698.00,824.00,18.0,'Pending',671,8,10),(874,'2020-02-28 00:00:00',336.00,420.00,25.0,'Denied',277,9,1),(876,'2020-02-26 00:00:00',666.00,819.00,23.0,'Accepted',468,10,7),(883,'2020-02-27 00:00:00',304.00,359.00,18.0,'Accepted',33,5,2),(885,'2020-02-26 00:00:00',332.00,415.00,25.0,'Pending',50,10,2),(886,'2020-02-26 00:00:00',36.00,44.00,22.0,'Pending',269,10,1),(887,'2020-02-28 00:00:00',772.00,903.00,17.0,'Pending',888,10,6),(888,'2020-02-26 00:00:00',862.00,1026.00,19.0,'Pending',901,8,3),(889,'2020-02-28 00:00:00',354.00,428.00,21.0,'Pending',397,8,3),(892,'2020-02-28 00:00:00',928.00,1067.00,15.0,'Accepted',496,4,10),(898,'2020-02-26 00:00:00',427.00,534.00,25.0,'Pending',644,9,3),(899,'2020-02-26 00:00:00',904.00,1094.00,21.0,'Accepted',377,10,5),(901,'2020-02-28 00:00:00',114.00,143.00,25.0,'Accepted',8,9,6),(903,'2020-02-28 00:00:00',30.00,36.00,19.0,'Denied',32,10,7),(905,'2020-02-26 00:00:00',833.00,1025.00,23.0,'Accepted',277,8,2),(908,'2020-02-26 00:00:00',617.00,753.00,22.0,'Accepted',36,4,8),(916,'2020-02-28 00:00:00',187.00,234.00,25.0,'Accepted',143,10,9),(924,'2020-02-27 00:00:00',440.00,550.00,25.0,'Denied',333,10,5),(929,'2020-02-28 00:00:00',856.00,984.00,15.0,'Denied',930,10,4),(931,'2020-02-26 00:00:00',317.00,393.00,24.0,'Pending',606,10,3),(937,'2020-02-27 00:00:00',600.00,750.00,25.0,'Denied',546,8,7),(938,'2020-02-28 00:00:00',285.00,336.00,18.0,'Accepted',699,8,6),(941,'2020-02-27 00:00:00',737.00,848.00,15.0,'Pending',926,4,7),(942,'2020-02-28 00:00:00',106.00,130.00,23.0,'Pending',450,10,9),(944,'2020-02-28 00:00:00',229.00,273.00,19.0,'Accepted',537,4,5),(945,'2020-02-27 00:00:00',584.00,701.00,20.0,'Accepted',445,8,8),(947,'2020-02-27 00:00:00',838.00,972.00,16.0,'Pending',598,8,8),(954,'2020-02-27 00:00:00',595.00,702.00,18.0,'Accepted',270,8,1),(955,'2020-02-28 00:00:00',635.00,768.00,21.0,'Accepted',952,5,2),(956,'2020-02-27 00:00:00',171.00,210.00,23.0,'Pending',64,8,3),(957,'2020-02-27 00:00:00',105.00,124.00,18.0,'Accepted',413,9,1),(958,'2020-02-28 00:00:00',622.00,728.00,17.0,'Denied',801,9,1),(959,'2020-02-27 00:00:00',645.00,787.00,22.0,'Pending',879,9,7),(961,'2020-02-28 00:00:00',638.00,766.00,20.0,'Pending',39,4,8),(964,'2020-02-28 00:00:00',894.00,1037.00,16.0,'Accepted',295,4,7),(965,'2020-02-27 00:00:00',473.00,591.00,25.0,'Accepted',290,10,5),(966,'2020-02-28 00:00:00',520.00,650.00,25.0,'Denied',965,8,2),(967,'2020-02-28 00:00:00',135.00,167.00,24.0,'Pending',78,9,10),(970,'2020-02-27 00:00:00',915.00,1144.00,25.0,'Denied',942,10,10),(974,'2020-02-28 00:00:00',71.00,82.00,15.0,'Accepted',280,10,7),(976,'2020-02-26 00:00:00',719.00,848.00,18.0,'Accepted',782,4,9),(982,'2020-02-26 00:00:00',973.00,1207.00,24.0,'Pending',7,4,1),(986,'2020-02-28 00:00:00',645.00,768.00,19.0,'Accepted',305,9,2),(992,'2020-02-26 00:00:00',579.00,724.00,25.0,'Denied',466,4,7),(996,'2020-02-28 00:00:00',549.00,631.00,15.0,'Denied',109,4,1),(997,'2020-02-28 00:00:00',338.00,389.00,15.0,'Accepted',46,4,1),(998,'2020-02-26 00:00:00',309.00,386.00,25.0,'Accepted',789,8,4),(999,'2020-02-27 00:00:00',710.00,824.00,16.0,'Pending',835,10,2),(1004,'2019-10-03 00:00:00',268.00,308.00,15.0,'Accepted',805,10,1),(1008,'2019-04-27 00:00:00',599.00,725.00,21.0,'Accepted',298,10,6),(1011,'2020-01-18 00:00:00',781.00,922.00,18.0,'Denied',481,5,4),(1014,'2019-09-01 00:00:00',277.00,346.00,25.0,'Pending',339,10,5),(1018,'2019-05-03 00:00:00',919.00,1121.00,22.0,'Accepted',131,4,2),(1020,'2019-12-22 00:00:00',814.00,936.00,15.0,'Accepted',96,9,7),(1021,'2019-10-20 00:00:00',309.00,371.00,20.0,'Denied',37,9,3),(1024,'2019-09-27 00:00:00',51.00,61.00,20.0,'Denied',381,9,7),(1025,'2019-04-22 00:00:00',431.00,500.00,16.0,'Accepted',463,10,4),(1028,'2019-06-26 00:00:00',518.00,616.00,19.0,'Denied',379,8,8),(1029,'2019-05-25 00:00:00',764.00,955.00,25.0,'Accepted',914,8,9),(1035,'2019-03-08 00:00:00',418.00,506.00,21.0,'Pending',415,4,1),(1040,'2020-02-16 00:00:00',223.00,265.00,19.0,'Accepted',560,10,8),(1041,'2019-04-16 00:00:00',409.00,503.00,23.0,'Pending',831,10,9),(1042,'2019-06-12 00:00:00',846.00,1058.00,25.0,'Accepted',515,4,9),(1046,'2019-09-26 00:00:00',172.00,201.00,17.0,'Denied',28,9,10),(1047,'2019-11-02 00:00:00',988.00,1136.00,15.0,'Denied',564,8,3),(1050,'2019-05-28 00:00:00',140.00,168.00,20.0,'Accepted',125,9,2),(1055,'2019-09-11 00:00:00',732.00,878.00,20.0,'Accepted',322,10,10),(1056,'2019-08-04 00:00:00',316.00,386.00,22.0,'Denied',835,8,6),(1059,'2019-10-22 00:00:00',737.00,914.00,24.0,'Denied',80,9,2),(1060,'2019-04-04 00:00:00',405.00,502.00,24.0,'Accepted',212,8,2),(1062,'2019-07-15 00:00:00',67.00,82.00,23.0,'Denied',549,4,5),(1064,'2020-02-27 00:00:00',961.00,1115.00,16.0,'Denied',340,10,8),(1067,'2019-10-12 00:00:00',722.00,845.00,17.0,'Denied',372,10,7),(1070,'2019-09-21 00:00:00',669.00,789.00,18.0,'Denied',382,9,4),(1071,'2019-03-26 00:00:00',292.00,365.00,25.0,'Pending',853,9,5),(1072,'2019-04-22 00:00:00',563.00,698.00,24.0,'Pending',979,9,3),(1084,'2019-08-16 00:00:00',90.00,111.00,23.0,'Pending',162,9,6),(1087,'2020-02-23 00:00:00',973.00,1216.00,25.0,'Denied',202,8,2),(1100,'2019-06-05 00:00:00',235.00,277.00,18.0,'Denied',868,10,6),(1101,'2019-06-27 00:00:00',120.00,150.00,25.0,'Accepted',399,9,4),(1104,'2019-10-23 00:00:00',664.00,810.00,22.0,'Accepted',573,8,10),(1106,'2019-06-21 00:00:00',395.00,482.00,22.0,'Pending',174,8,5),(1111,'2020-01-19 00:00:00',69.00,86.00,25.0,'Denied',529,8,2),(1116,'2019-03-18 00:00:00',931.00,1089.00,17.0,'Accepted',229,10,6),(1119,'2019-04-04 00:00:00',778.00,910.00,17.0,'Pending',980,10,10),(1121,'2019-12-23 00:00:00',517.00,636.00,23.0,'Pending',53,8,4),(1125,'2019-05-06 00:00:00',526.00,610.00,16.0,'Pending',79,8,5),(1128,'2019-05-04 00:00:00',35.00,42.00,21.0,'Pending',316,10,3),(1129,'2019-05-01 00:00:00',327.00,383.00,17.0,'Accepted',102,9,3),(1131,'2019-12-25 00:00:00',537.00,650.00,21.0,'Denied',385,8,1),(1135,'2019-05-25 00:00:00',387.00,453.00,17.0,'Denied',639,4,10),(1139,'2019-11-09 00:00:00',428.00,501.00,17.0,'Accepted',949,8,1),(1140,'2019-07-21 00:00:00',357.00,439.00,23.0,'Pending',863,9,3),(1142,'2019-10-04 00:00:00',596.00,697.00,17.0,'Denied',10,10,4),(1148,'2019-04-20 00:00:00',140.00,174.00,24.0,'Accepted',476,8,4),(1149,'2019-10-20 00:00:00',340.00,401.00,18.0,'Denied',160,1,4),(1151,'2019-11-23 00:00:00',208.00,245.00,18.0,'Accepted',137,5,2),(1156,'2019-09-16 00:00:00',121.00,146.00,21.0,'Denied',708,10,9),(1157,'2019-07-04 00:00:00',398.00,478.00,20.0,'Denied',468,10,1),(1158,'2019-04-19 00:00:00',434.00,503.00,16.0,'Accepted',917,10,6),(1159,'2019-10-13 00:00:00',871.00,1036.00,19.0,'Pending',550,10,3),(1163,'2019-12-16 00:00:00',385.00,470.00,22.0,'Pending',258,8,5),(1165,'2019-04-05 00:00:00',367.00,422.00,15.0,'Accepted',197,8,7),(1166,'2019-12-26 00:00:00',149.00,171.00,15.0,'Pending',910,7,2),(1167,'2019-06-07 00:00:00',185.00,220.00,19.0,'Accepted',19,9,2),(1169,'2019-07-09 00:00:00',934.00,1158.00,24.0,'Accepted',436,8,3),(1170,'2019-04-05 00:00:00',686.00,858.00,25.0,'Pending',833,8,10),(1174,'2019-03-06 00:00:00',412.00,486.00,18.0,'Pending',506,4,1),(1175,'2019-02-28 00:00:00',704.00,845.00,20.0,'Pending',932,10,2),(1177,'2019-10-25 00:00:00',594.00,695.00,17.0,'Denied',361,8,2),(1178,'2019-03-15 00:00:00',146.00,181.00,24.0,'Pending',878,9,6),(1179,'2019-06-20 00:00:00',431.00,513.00,19.0,'Accepted',324,9,3),(1180,'2019-10-06 00:00:00',256.00,302.00,18.0,'Accepted',663,9,5),(1181,'2019-10-26 00:00:00',540.00,643.00,19.0,'Denied',320,9,2),(1183,'2019-05-02 00:00:00',117.00,135.00,15.0,'Pending',953,8,4),(1184,'2019-05-19 00:00:00',269.00,325.00,21.0,'Accepted',526,9,5),(1185,'2019-08-28 00:00:00',457.00,548.00,20.0,'Denied',518,5,7),(1187,'2019-05-02 00:00:00',511.00,608.00,19.0,'Denied',627,9,8),(1188,'2019-07-17 00:00:00',642.00,783.00,22.0,'Accepted',850,4,10),(1189,'2020-01-08 00:00:00',664.00,823.00,24.0,'Pending',241,10,5),(1190,'2019-09-25 00:00:00',151.00,183.00,21.0,'Denied',727,10,6),(1192,'2019-03-29 00:00:00',73.00,91.00,25.0,'Accepted',483,10,7),(1194,'2019-10-06 00:00:00',756.00,892.00,18.0,'Pending',702,9,1),(1195,'2019-08-18 00:00:00',977.00,1172.00,20.0,'Denied',566,8,7),(1198,'2019-03-24 00:00:00',723.00,875.00,21.0,'Denied',432,10,6),(1204,'2019-12-24 00:00:00',746.00,910.00,22.0,'Accepted',113,4,5),(1205,'2019-06-10 00:00:00',765.00,956.00,25.0,'Pending',540,8,4),(1207,'2019-08-01 00:00:00',867.00,1058.00,22.0,'Pending',887,4,6),(1209,'2019-07-07 00:00:00',861.00,1033.00,20.0,'Pending',554,10,9),(1210,'2019-02-28 00:00:00',238.00,283.00,19.0,'Pending',389,10,4),(1215,'2019-09-15 00:00:00',596.00,721.00,21.0,'Pending',471,4,10),(1216,'2019-09-01 00:00:00',423.00,525.00,24.0,'Accepted',489,8,4),(1218,'2019-06-18 00:00:00',211.00,257.00,22.0,'Denied',855,5,3),(1220,'2019-04-09 00:00:00',185.00,226.00,22.0,'Accepted',226,10,4),(1221,'2020-01-01 00:00:00',744.00,908.00,22.0,'Denied',892,10,9),(1222,'2020-01-26 00:00:00',26.00,31.00,19.0,'Denied',751,10,7),(1224,'2019-04-03 00:00:00',688.00,860.00,25.0,'Pending',98,5,6),(1227,'2019-08-17 00:00:00',63.00,78.00,24.0,'Accepted',93,10,3),(1229,'2019-12-20 00:00:00',828.00,969.00,17.0,'Accepted',222,8,5),(1230,'2019-08-17 00:00:00',888.00,1083.00,22.0,'Denied',931,8,9),(1233,'2019-09-22 00:00:00',929.00,1124.00,21.0,'Accepted',942,5,7),(1236,'2020-01-10 00:00:00',906.00,1123.00,24.0,'Denied',298,9,9),(1241,'2019-06-12 00:00:00',225.00,266.00,18.0,'Pending',125,7,3),(1242,'2019-10-30 00:00:00',282.00,330.00,17.0,'Accepted',942,10,7),(1244,'2019-12-26 00:00:00',487.00,589.00,21.0,'Pending',718,10,1),(1245,'2019-10-07 00:00:00',945.00,1162.00,23.0,'Accepted',569,8,4),(1247,'2019-06-03 00:00:00',930.00,1088.00,17.0,'Pending',866,9,9),(1248,'2019-11-10 00:00:00',776.00,970.00,25.0,'Denied',378,5,9),(1250,'2019-12-01 00:00:00',394.00,453.00,15.0,'Pending',725,9,3),(1252,'2019-05-11 00:00:00',746.00,888.00,19.0,'Accepted',460,5,1),(1253,'2019-05-07 00:00:00',265.00,313.00,18.0,'Pending',431,10,5),(1255,'2019-10-09 00:00:00',272.00,337.00,24.0,'Accepted',168,5,7),(1256,'2019-07-05 00:00:00',911.00,1084.00,19.0,'Pending',911,9,6),(1261,'2019-08-17 00:00:00',732.00,856.00,17.0,'Pending',732,9,5),(1264,'2019-05-13 00:00:00',600.00,690.00,15.0,'Accepted',29,8,2),(1268,'2019-11-29 00:00:00',432.00,505.00,17.0,'Accepted',133,4,5),(1269,'2019-07-02 00:00:00',418.00,489.00,17.0,'Denied',986,4,7),(1270,'2019-04-03 00:00:00',268.00,332.00,24.0,'Denied',616,7,6),(1271,'2020-02-16 00:00:00',267.00,323.00,21.0,'Denied',565,8,2),(1273,'2019-05-16 00:00:00',729.00,838.00,15.0,'Denied',385,9,10),(1274,'2019-08-01 00:00:00',51.00,60.00,18.0,'Pending',79,9,5),(1276,'2019-11-14 00:00:00',744.00,870.00,17.0,'Denied',593,5,1),(1277,'2019-05-07 00:00:00',42.00,50.00,19.0,'Pending',420,8,5),(1280,'2020-01-28 00:00:00',929.00,1087.00,17.0,'Accepted',196,9,3),(1282,'2019-03-30 00:00:00',361.00,422.00,17.0,'Denied',87,5,6),(1286,'2019-05-19 00:00:00',225.00,259.00,15.0,'Accepted',249,5,5),(1287,'2019-11-03 00:00:00',30.00,36.00,21.0,'Accepted',112,4,3),(1290,'2019-08-08 00:00:00',265.00,318.00,20.0,'Denied',216,9,1),(1294,'2019-08-11 00:00:00',637.00,784.00,23.0,'Denied',800,6,1),(1299,'2019-06-27 00:00:00',843.00,1028.00,22.0,'Accepted',861,8,4),(1301,'2019-11-10 00:00:00',900.00,1053.00,17.0,'Denied',829,9,1),(1303,'2020-01-24 00:00:00',201.00,243.00,21.0,'Denied',931,5,6),(1306,'2019-02-28 00:00:00',274.00,332.00,21.0,'Accepted',464,4,3),(1310,'2019-12-18 00:00:00',987.00,1175.00,19.0,'Accepted',507,7,9),(1314,'2019-08-08 00:00:00',664.00,777.00,17.0,'Accepted',556,9,5),(1315,'2019-03-05 00:00:00',698.00,817.00,17.0,'Denied',98,8,4),(1319,'2019-02-28 00:00:00',377.00,441.00,17.0,'Pending',87,4,8),(1321,'2019-05-13 00:00:00',850.00,1037.00,22.0,'Pending',360,4,5),(1322,'2019-09-01 00:00:00',612.00,753.00,23.0,'Pending',823,4,4),(1324,'2019-07-09 00:00:00',262.00,307.00,17.0,'Denied',186,9,2),(1325,'2019-05-29 00:00:00',676.00,804.00,19.0,'Pending',301,7,3),(1327,'2019-05-16 00:00:00',106.00,130.00,23.0,'Pending',614,5,7),(1328,'2019-12-10 00:00:00',753.00,881.00,17.0,'Accepted',841,10,6),(1331,'2019-03-01 00:00:00',232.00,283.00,22.0,'Denied',376,4,2),(1332,'2019-09-22 00:00:00',303.00,348.00,15.0,'Denied',575,4,2),(1334,'2020-01-06 00:00:00',212.00,252.00,19.0,'Accepted',483,7,3),(1342,'2019-03-09 00:00:00',35.00,41.00,17.0,'Accepted',765,8,5),(1343,'2019-06-20 00:00:00',19.00,23.00,21.0,'Denied',652,8,9),(1344,'2020-01-15 00:00:00',473.00,568.00,20.0,'Denied',361,10,8),(1353,'2019-07-02 00:00:00',799.00,959.00,20.0,'Denied',366,9,7),(1355,'2019-10-05 00:00:00',328.00,394.00,20.0,'Denied',901,10,7),(1356,'2019-11-19 00:00:00',492.00,571.00,16.0,'Accepted',345,10,2),(1357,'2019-05-04 00:00:00',566.00,651.00,15.0,'Pending',928,5,3),(1360,'2019-04-26 00:00:00',392.00,459.00,17.0,'Denied',120,7,6),(1362,'2019-05-10 00:00:00',780.00,928.00,19.0,'Accepted',76,8,2),(1367,'2019-03-07 00:00:00',809.00,987.00,22.0,'Accepted',942,4,9),(1368,'2019-03-02 00:00:00',397.00,476.00,20.0,'Denied',212,7,6),(1370,'2019-09-03 00:00:00',228.00,283.00,24.0,'Accepted',999,8,10),(1376,'2019-10-16 00:00:00',305.00,360.00,18.0,'Accepted',488,8,8),(1377,'2019-04-11 00:00:00',551.00,639.00,16.0,'Denied',790,9,7),(1378,'2019-08-26 00:00:00',728.00,888.00,22.0,'Denied',843,8,1),(1379,'2019-10-28 00:00:00',138.00,168.00,22.0,'Pending',820,9,4),(1380,'2019-07-14 00:00:00',27.00,32.00,17.0,'Accepted',106,5,6),(1382,'2019-09-04 00:00:00',822.00,954.00,16.0,'Denied',838,9,5),(1384,'2019-11-02 00:00:00',954.00,1135.00,19.0,'Denied',42,8,6),(1385,'2019-09-04 00:00:00',552.00,662.00,20.0,'Pending',491,9,3),(1387,'2020-02-19 00:00:00',958.00,1111.00,16.0,'Denied',339,9,10),(1389,'2019-04-29 00:00:00',871.00,1071.00,23.0,'Denied',537,10,6),(1390,'2019-12-20 00:00:00',932.00,1109.00,19.0,'Denied',73,10,2),(1391,'2019-03-10 00:00:00',30.00,37.00,22.0,'Accepted',713,10,8),(1392,'2019-07-14 00:00:00',745.00,887.00,19.0,'Denied',212,10,5),(1393,'2020-01-19 00:00:00',127.00,151.00,19.0,'Denied',475,4,8),(1394,'2019-09-22 00:00:00',931.00,1071.00,15.0,'Accepted',905,9,9),(1395,'2020-02-06 00:00:00',792.00,935.00,18.0,'Pending',237,8,10),(1397,'2019-05-29 00:00:00',578.00,688.00,19.0,'Denied',520,9,2),(1400,'2019-08-02 00:00:00',519.00,623.00,20.0,'Accepted',1,4,10),(1402,'2019-09-17 00:00:00',254.00,300.00,18.0,'Accepted',27,10,2),(1403,'2019-08-25 00:00:00',43.00,51.00,19.0,'Denied',828,8,6),(1404,'2019-10-20 00:00:00',580.00,667.00,15.0,'Accepted',605,10,1),(1406,'2019-05-05 00:00:00',874.00,1058.00,21.0,'Pending',280,2,3),(1412,'2019-03-01 00:00:00',512.00,594.00,16.0,'Accepted',757,9,2),(1416,'2019-03-15 00:00:00',856.00,1053.00,23.0,'Denied',800,4,1),(1419,'2019-12-27 00:00:00',957.00,1101.00,15.0,'Pending',875,4,10),(1420,'2019-11-29 00:00:00',675.00,797.00,18.0,'Denied',152,9,3),(1425,'2019-10-01 00:00:00',385.00,443.00,15.0,'Accepted',45,10,6),(1427,'2019-05-20 00:00:00',511.00,598.00,17.0,'Accepted',74,9,4),(1429,'2020-01-19 00:00:00',174.00,218.00,25.0,'Pending',555,10,8),(1433,'2019-07-28 00:00:00',308.00,379.00,23.0,'Accepted',758,10,9),(1434,'2019-06-05 00:00:00',201.00,239.00,19.0,'Pending',644,8,5),(1435,'2019-06-22 00:00:00',876.00,1034.00,18.0,'Pending',833,4,5),(1436,'2019-12-19 00:00:00',998.00,1208.00,21.0,'Accepted',202,5,10),(1439,'2019-03-27 00:00:00',449.00,534.00,19.0,'Denied',120,8,10),(1444,'2019-12-07 00:00:00',547.00,651.00,19.0,'Denied',621,10,2),(1445,'2019-07-22 00:00:00',834.00,1034.00,24.0,'Denied',277,9,4),(1446,'2019-04-04 00:00:00',556.00,673.00,21.0,'Accepted',13,8,1),(1450,'2020-01-17 00:00:00',995.00,1174.00,18.0,'Accepted',374,8,8),(1454,'2019-04-11 00:00:00',773.00,912.00,18.0,'Pending',810,10,10),(1455,'2019-03-23 00:00:00',751.00,931.00,24.0,'Accepted',613,10,2),(1458,'2019-12-20 00:00:00',606.00,727.00,20.0,'Pending',428,4,3),(1459,'2019-12-14 00:00:00',15.00,18.00,21.0,'Pending',386,4,5),(1461,'2019-09-08 00:00:00',541.00,676.00,25.0,'Denied',801,4,8),(1463,'2019-07-09 00:00:00',773.00,889.00,15.0,'Accepted',600,7,1),(1465,'2019-04-07 00:00:00',835.00,1019.00,22.0,'Pending',97,9,4),(1467,'2019-09-21 00:00:00',924.00,1081.00,17.0,'Pending',720,6,1),(1470,'2019-06-02 00:00:00',796.00,939.00,18.0,'Denied',312,4,10),(1472,'2019-05-22 00:00:00',478.00,598.00,25.0,'Denied',931,9,9),(1475,'2019-06-02 00:00:00',99.00,116.00,17.0,'Denied',778,9,8),(1476,'2019-12-20 00:00:00',630.00,781.00,24.0,'Accepted',87,5,9),(1478,'2019-12-16 00:00:00',773.00,943.00,22.0,'Denied',400,6,5),(1483,'2020-01-17 00:00:00',965.00,1129.00,17.0,'Accepted',698,5,1),(1484,'2019-06-24 00:00:00',770.00,886.00,15.0,'Accepted',698,9,8),(1487,'2019-07-16 00:00:00',396.00,471.00,19.0,'Pending',557,4,6),(1488,'2019-10-16 00:00:00',648.00,745.00,15.0,'Denied',360,9,8),(1493,'2019-09-07 00:00:00',528.00,607.00,15.0,'Pending',801,10,9),(1495,'2019-10-17 00:00:00',945.00,1115.00,18.0,'Accepted',713,4,10),(1498,'2019-11-25 00:00:00',616.00,739.00,20.0,'Pending',236,9,3),(1500,'2019-09-11 00:00:00',662.00,821.00,24.0,'Pending',560,2,1),(1503,'2019-04-18 00:00:00',282.00,327.00,16.0,'Denied',166,4,6),(1504,'2020-02-10 00:00:00',818.00,1014.00,24.0,'Denied',343,4,6),(1505,'2019-12-06 00:00:00',754.00,890.00,18.0,'Pending',705,8,5),(1506,'2020-02-14 00:00:00',676.00,798.00,18.0,'Pending',520,6,3),(1507,'2019-05-04 00:00:00',605.00,696.00,15.0,'Accepted',798,10,8),(1508,'2019-06-10 00:00:00',417.00,496.00,19.0,'Pending',564,4,2),(1513,'2019-11-02 00:00:00',837.00,1030.00,23.0,'Pending',720,4,9),(1515,'2019-05-13 00:00:00',822.00,1028.00,25.0,'Denied',594,4,3),(1517,'2020-01-02 00:00:00',334.00,414.00,24.0,'Denied',299,8,8),(1519,'2019-12-20 00:00:00',699.00,818.00,17.0,'Accepted',921,4,8),(1525,'2019-03-27 00:00:00',184.00,228.00,24.0,'Accepted',770,10,1),(1531,'2019-08-20 00:00:00',586.00,733.00,25.0,'Denied',991,9,2),(1536,'2019-03-29 00:00:00',293.00,357.00,22.0,'Pending',557,5,5),(1537,'2019-12-16 00:00:00',595.00,702.00,18.0,'Accepted',358,8,6),(1539,'2019-12-13 00:00:00',754.00,912.00,21.0,'Accepted',560,6,8),(1540,'2019-11-02 00:00:00',987.00,1155.00,17.0,'Denied',180,10,10),(1548,'2019-04-02 00:00:00',742.00,861.00,16.0,'Denied',781,8,10),(1550,'2019-03-19 00:00:00',692.00,817.00,18.0,'Pending',185,9,8),(1553,'2020-02-25 00:00:00',834.00,1034.00,24.0,'Accepted',200,3,9),(1554,'2019-06-24 00:00:00',130.00,151.00,16.0,'Pending',790,9,5),(1555,'2019-03-04 00:00:00',571.00,668.00,17.0,'Pending',219,8,3),(1556,'2019-05-28 00:00:00',645.00,768.00,19.0,'Pending',785,8,10),(1558,'2019-04-24 00:00:00',72.00,86.00,20.0,'Accepted',259,9,9),(1559,'2019-11-10 00:00:00',79.00,96.00,22.0,'Denied',824,4,9),(1567,'2019-10-12 00:00:00',393.00,479.00,22.0,'Denied',721,4,4),(1569,'2020-01-04 00:00:00',308.00,379.00,23.0,'Pending',913,5,2),(1570,'2020-01-29 00:00:00',748.00,935.00,25.0,'Pending',626,4,5),(1577,'2020-01-21 00:00:00',917.00,1110.00,21.0,'Pending',443,4,6),(1578,'2019-03-08 00:00:00',231.00,275.00,19.0,'Pending',370,4,5),(1581,'2020-02-27 00:00:00',235.00,282.00,20.0,'Accepted',866,5,9),(1582,'2019-03-12 00:00:00',41.00,51.00,24.0,'Denied',896,8,7),(1583,'2019-06-28 00:00:00',883.00,1024.00,16.0,'Pending',995,9,3),(1587,'2020-02-12 00:00:00',892.00,1115.00,25.0,'Accepted',828,9,7),(1590,'2019-03-23 00:00:00',125.00,145.00,16.0,'Denied',464,8,3),(1591,'2019-06-25 00:00:00',815.00,1019.00,25.0,'Pending',742,10,1),(1592,'2020-01-23 00:00:00',280.00,336.00,20.0,'Accepted',840,3,2),(1593,'2019-09-10 00:00:00',961.00,1105.00,15.0,'Denied',875,4,7),(1597,'2020-01-26 00:00:00',212.00,246.00,16.0,'Pending',95,5,6),(1598,'2019-03-21 00:00:00',677.00,785.00,16.0,'Denied',491,10,5),(1601,'2019-06-22 00:00:00',325.00,403.00,24.0,'Pending',548,4,9),(1603,'2019-11-09 00:00:00',59.00,69.00,17.0,'Denied',635,9,2),(1604,'2020-01-18 00:00:00',982.00,1129.00,15.0,'Denied',561,4,7),(1605,'2019-10-23 00:00:00',702.00,856.00,22.0,'Pending',279,8,5),(1611,'2019-10-02 00:00:00',415.00,515.00,24.0,'Pending',721,9,8),(1616,'2020-01-31 00:00:00',862.00,1043.00,21.0,'Pending',112,4,5),(1618,'2019-10-02 00:00:00',553.00,686.00,24.0,'Denied',196,10,3),(1621,'2020-02-19 00:00:00',816.00,971.00,19.0,'Denied',215,4,2),(1622,'2019-11-26 00:00:00',978.00,1183.00,21.0,'Pending',640,5,1),(1627,'2019-06-18 00:00:00',837.00,979.00,17.0,'Pending',420,10,7),(1630,'2019-06-10 00:00:00',585.00,696.00,19.0,'Denied',207,10,10),(1631,'2019-08-22 00:00:00',996.00,1145.00,15.0,'Pending',255,9,3),(1632,'2019-10-24 00:00:00',94.00,112.00,19.0,'Denied',9,4,3),(1633,'2019-06-03 00:00:00',140.00,164.00,17.0,'Accepted',715,9,4),(1634,'2019-07-25 00:00:00',606.00,715.00,18.0,'Denied',179,4,9),(1637,'2020-01-17 00:00:00',632.00,790.00,25.0,'Denied',177,8,10),(1641,'2019-06-04 00:00:00',792.00,982.00,24.0,'Denied',750,9,10),(1642,'2019-04-16 00:00:00',609.00,731.00,20.0,'Denied',897,4,7),(1643,'2019-07-11 00:00:00',455.00,555.00,22.0,'Accepted',420,9,1),(1645,'2019-06-28 00:00:00',976.00,1210.00,24.0,'Pending',397,7,3),(1647,'2019-12-15 00:00:00',692.00,851.00,23.0,'Accepted',888,8,3),(1648,'2020-02-02 00:00:00',129.00,150.00,16.0,'Pending',321,8,2),(1649,'2019-07-05 00:00:00',782.00,938.00,20.0,'Denied',199,9,9),(1652,'2019-03-13 00:00:00',559.00,643.00,15.0,'Denied',127,4,1),(1654,'2020-02-20 00:00:00',147.00,169.00,15.0,'Denied',506,4,3),(1655,'2019-04-24 00:00:00',999.00,1179.00,18.0,'Pending',103,10,8),(1658,'2019-11-27 00:00:00',331.00,404.00,22.0,'Accepted',923,5,10),(1659,'2019-05-31 00:00:00',100.00,115.00,15.0,'Pending',360,4,2),(1660,'2019-06-24 00:00:00',58.00,71.00,22.0,'Denied',478,10,2),(1661,'2019-07-31 00:00:00',530.00,652.00,23.0,'Accepted',175,5,2),(1663,'2019-09-09 00:00:00',235.00,291.00,24.0,'Denied',400,2,9),(1670,'2019-08-26 00:00:00',179.00,208.00,16.0,'Pending',516,9,6),(1673,'2020-01-04 00:00:00',645.00,742.00,15.0,'Accepted',498,8,2),(1674,'2020-01-16 00:00:00',731.00,899.00,23.0,'Denied',524,9,10),(1675,'2019-07-17 00:00:00',806.00,991.00,23.0,'Accepted',680,4,5),(1677,'2019-11-13 00:00:00',224.00,276.00,23.0,'Accepted',122,8,7),(1681,'2019-07-10 00:00:00',973.00,1207.00,24.0,'Denied',691,9,2),(1682,'2019-05-27 00:00:00',740.00,925.00,25.0,'Denied',207,9,3),(1684,'2019-09-05 00:00:00',342.00,410.00,20.0,'Pending',373,8,9),(1685,'2019-12-12 00:00:00',661.00,813.00,23.0,'Denied',604,9,5),(1687,'2019-03-09 00:00:00',874.00,1005.00,15.0,'Pending',643,8,6),(1688,'2020-02-10 00:00:00',809.00,938.00,16.0,'Pending',192,9,3),(1689,'2019-09-30 00:00:00',679.00,794.00,17.0,'Pending',386,5,5),(1691,'2019-05-19 00:00:00',562.00,674.00,20.0,'Accepted',691,9,10),(1692,'2019-06-27 00:00:00',204.00,237.00,16.0,'Denied',141,8,2),(1693,'2019-04-27 00:00:00',598.00,718.00,20.0,'Denied',493,8,1),(1694,'2019-06-01 00:00:00',536.00,638.00,19.0,'Pending',460,8,6),(1697,'2019-08-08 00:00:00',186.00,221.00,19.0,'Denied',778,10,10),(1702,'2019-06-02 00:00:00',659.00,771.00,17.0,'Denied',331,8,8),(1707,'2019-11-15 00:00:00',616.00,721.00,17.0,'Denied',401,9,5),(1710,'2019-07-30 00:00:00',592.00,704.00,19.0,'Denied',596,9,8),(1714,'2019-10-07 00:00:00',893.00,1063.00,19.0,'Accepted',30,8,8),(1720,'2019-07-22 00:00:00',824.00,948.00,15.0,'Denied',435,8,5),(1724,'2020-02-18 00:00:00',810.00,932.00,15.0,'Denied',365,9,8),(1729,'2020-02-02 00:00:00',755.00,891.00,18.0,'Accepted',864,9,6),(1730,'2019-12-26 00:00:00',797.00,932.00,17.0,'Denied',761,8,7),(1731,'2019-04-16 00:00:00',615.00,744.00,21.0,'Accepted',335,8,5),(1732,'2020-02-21 00:00:00',45.00,52.00,16.0,'Accepted',786,10,1),(1733,'2019-04-18 00:00:00',140.00,169.00,21.0,'Pending',226,9,4),(1734,'2019-06-22 00:00:00',721.00,887.00,23.0,'Accepted',270,10,5),(1742,'2019-08-14 00:00:00',230.00,265.00,15.0,'Accepted',329,9,3),(1747,'2019-10-11 00:00:00',763.00,954.00,25.0,'Denied',291,4,2),(1749,'2019-10-12 00:00:00',779.00,943.00,21.0,'Denied',928,10,6),(1750,'2019-11-28 00:00:00',581.00,703.00,21.0,'Accepted',409,10,6),(1751,'2020-01-13 00:00:00',220.00,275.00,25.0,'Accepted',702,4,2),(1753,'2019-04-27 00:00:00',68.00,78.00,15.0,'Denied',618,4,9),(1755,'2019-07-26 00:00:00',438.00,504.00,15.0,'Pending',725,9,7),(1756,'2019-12-16 00:00:00',494.00,583.00,18.0,'Denied',896,10,4),(1758,'2019-03-07 00:00:00',204.00,243.00,19.0,'Accepted',591,9,3),(1759,'2019-06-17 00:00:00',242.00,295.00,22.0,'Denied',877,10,10),(1763,'2020-01-23 00:00:00',842.00,985.00,17.0,'Accepted',206,5,7),(1764,'2019-12-01 00:00:00',351.00,425.00,21.0,'Denied',67,10,7),(1765,'2019-04-30 00:00:00',157.00,195.00,24.0,'Accepted',482,10,4),(1766,'2019-10-28 00:00:00',177.00,218.00,23.0,'Pending',419,10,8),(1767,'2019-05-14 00:00:00',208.00,243.00,17.0,'Denied',64,4,10),(1768,'2019-03-04 00:00:00',358.00,444.00,24.0,'Accepted',629,10,3),(1770,'2019-07-10 00:00:00',838.00,997.00,19.0,'Denied',952,5,1),(1771,'2020-02-26 00:00:00',434.00,543.00,25.0,'Pending',225,9,1),(1772,'2019-10-25 00:00:00',335.00,409.00,22.0,'Accepted',598,4,9),(1774,'2019-05-19 00:00:00',102.00,121.00,19.0,'Denied',470,10,2),(1776,'2019-09-02 00:00:00',776.00,970.00,25.0,'Pending',241,8,6),(1780,'2019-05-25 00:00:00',305.00,360.00,18.0,'Accepted',2,9,1),(1786,'2019-03-04 00:00:00',470.00,564.00,20.0,'Pending',956,10,8),(1788,'2019-08-30 00:00:00',393.00,483.00,23.0,'Pending',950,9,5),(1790,'2019-03-26 00:00:00',434.00,512.00,18.0,'Accepted',288,4,6),(1791,'2019-09-01 00:00:00',203.00,233.00,15.0,'Denied',400,7,9),(1793,'2019-10-06 00:00:00',854.00,1068.00,25.0,'Accepted',224,8,9),(1796,'2019-11-05 00:00:00',744.00,930.00,25.0,'Accepted',106,8,10),(1797,'2019-05-04 00:00:00',503.00,578.00,15.0,'Pending',193,10,10),(1798,'2020-01-27 00:00:00',188.00,216.00,15.0,'Pending',182,8,1),(1799,'2019-09-30 00:00:00',378.00,457.00,21.0,'Pending',271,10,7),(1800,'2020-02-04 00:00:00',246.00,300.00,22.0,'Denied',12,8,8),(1801,'2019-10-20 00:00:00',20.00,23.00,16.0,'Denied',949,10,4),(1802,'2019-10-29 00:00:00',593.00,700.00,18.0,'Accepted',528,5,6),(1804,'2019-07-15 00:00:00',897.00,1085.00,21.0,'Accepted',562,4,7),(1806,'2019-12-04 00:00:00',235.00,273.00,16.0,'Denied',819,9,2),(1807,'2019-09-15 00:00:00',617.00,734.00,19.0,'Accepted',116,4,2),(1808,'2019-11-15 00:00:00',427.00,525.00,23.0,'Pending',597,8,5),(1811,'2019-08-08 00:00:00',623.00,760.00,22.0,'Accepted',673,10,3),(1812,'2019-03-17 00:00:00',589.00,695.00,18.0,'Accepted',698,4,7),(1814,'2019-09-12 00:00:00',274.00,343.00,25.0,'Pending',725,10,3),(1815,'2019-03-09 00:00:00',395.00,474.00,20.0,'Pending',100,9,5),(1816,'2019-06-09 00:00:00',509.00,590.00,16.0,'Denied',608,5,1),(1818,'2019-11-09 00:00:00',736.00,861.00,17.0,'Denied',857,10,10),(1819,'2019-09-23 00:00:00',482.00,588.00,22.0,'Accepted',910,4,1),(1820,'2019-10-06 00:00:00',300.00,366.00,22.0,'Denied',893,10,8),(1822,'2020-01-02 00:00:00',863.00,1079.00,25.0,'Denied',539,5,10),(1832,'2019-09-25 00:00:00',26.00,32.00,22.0,'Denied',347,4,4),(1834,'2019-09-30 00:00:00',245.00,292.00,19.0,'Pending',292,10,4),(1838,'2019-12-30 00:00:00',93.00,113.00,22.0,'Pending',902,10,9),(1840,'2019-09-18 00:00:00',823.00,988.00,20.0,'Denied',533,8,10),(1846,'2019-07-13 00:00:00',459.00,546.00,19.0,'Accepted',187,10,8),(1850,'2019-09-29 00:00:00',839.00,1049.00,25.0,'Pending',880,5,8),(1854,'2020-02-11 00:00:00',859.00,1039.00,21.0,'Accepted',785,4,3),(1855,'2020-01-25 00:00:00',434.00,521.00,20.0,'Pending',492,8,5),(1856,'2019-03-24 00:00:00',431.00,539.00,25.0,'Denied',96,10,8),(1857,'2019-08-30 00:00:00',367.00,426.00,16.0,'Pending',493,10,7),(1859,'2019-08-14 00:00:00',601.00,697.00,16.0,'Denied',76,10,7),(1860,'2019-10-31 00:00:00',629.00,761.00,21.0,'Pending',455,10,10),(1864,'2019-12-27 00:00:00',614.00,743.00,21.0,'Pending',218,10,5),(1867,'2019-03-02 00:00:00',977.00,1202.00,23.0,'Accepted',636,9,5),(1870,'2019-04-26 00:00:00',160.00,189.00,18.0,'Pending',541,10,4),(1874,'2020-02-21 00:00:00',334.00,401.00,20.0,'Pending',593,8,9),(1875,'2019-08-10 00:00:00',534.00,619.00,16.0,'Pending',952,9,10),(1876,'2019-11-28 00:00:00',518.00,632.00,22.0,'Accepted',197,9,9),(1879,'2019-11-27 00:00:00',570.00,678.00,19.0,'Denied',868,4,1),(1886,'2019-06-07 00:00:00',190.00,222.00,17.0,'Accepted',507,10,5),(1888,'2019-06-07 00:00:00',881.00,1066.00,21.0,'Denied',133,5,6),(1895,'2019-09-13 00:00:00',870.00,1035.00,19.0,'Pending',434,9,2),(1896,'2019-03-20 00:00:00',934.00,1121.00,20.0,'Accepted',784,8,2),(1900,'2019-06-04 00:00:00',53.00,63.00,18.0,'Pending',714,9,3),(1905,'2019-08-25 00:00:00',504.00,590.00,17.0,'Denied',812,9,8),(1906,'2019-10-07 00:00:00',183.00,220.00,20.0,'Pending',329,8,9),(1908,'2019-03-15 00:00:00',129.00,156.00,21.0,'Pending',341,10,10),(1909,'2019-08-01 00:00:00',950.00,1093.00,15.0,'Pending',580,9,8),(1913,'2020-01-24 00:00:00',809.00,995.00,23.0,'Accepted',62,7,4),(1916,'2019-05-16 00:00:00',633.00,734.00,16.0,'Denied',824,9,7),(1917,'2019-08-20 00:00:00',197.00,230.00,17.0,'Pending',903,4,9),(1918,'2019-09-15 00:00:00',903.00,1093.00,21.0,'Pending',152,8,3),(1919,'2019-03-21 00:00:00',876.00,1016.00,16.0,'Denied',101,10,7),(1920,'2019-04-23 00:00:00',251.00,299.00,19.0,'Accepted',450,4,3),(1922,'2019-11-23 00:00:00',96.00,118.00,23.0,'Pending',296,9,4),(1923,'2019-08-19 00:00:00',751.00,886.00,18.0,'Pending',70,5,10),(1924,'2019-08-04 00:00:00',943.00,1094.00,16.0,'Accepted',616,5,9),(1925,'2019-03-29 00:00:00',532.00,654.00,23.0,'Pending',242,5,3),(1926,'2019-07-10 00:00:00',144.00,166.00,15.0,'Pending',144,10,3),(1927,'2020-01-20 00:00:00',469.00,586.00,25.0,'Denied',122,8,1),(1929,'2020-02-16 00:00:00',133.00,165.00,24.0,'Pending',173,5,8),(1938,'2020-01-30 00:00:00',814.00,944.00,16.0,'Accepted',82,7,7),(1939,'2019-06-28 00:00:00',229.00,275.00,20.0,'Accepted',191,9,7),(1943,'2019-05-30 00:00:00',980.00,1127.00,15.0,'Denied',739,8,1),(1944,'2019-10-05 00:00:00',554.00,693.00,25.0,'Pending',864,5,1),(1947,'2020-01-23 00:00:00',659.00,811.00,23.0,'Pending',453,8,6),(1948,'2020-02-20 00:00:00',257.00,308.00,20.0,'Pending',746,8,3),(1955,'2020-01-29 00:00:00',267.00,307.00,15.0,'Denied',203,10,8),(1956,'2020-01-22 00:00:00',881.00,1092.00,24.0,'Accepted',840,8,10),(1957,'2019-04-23 00:00:00',507.00,588.00,16.0,'Accepted',301,8,6),(1958,'2019-07-01 00:00:00',526.00,642.00,22.0,'Denied',24,10,9),(1959,'2020-01-27 00:00:00',134.00,159.00,19.0,'Pending',567,5,4),(1964,'2019-03-09 00:00:00',627.00,746.00,19.0,'Denied',859,4,9),(1965,'2019-03-15 00:00:00',176.00,211.00,20.0,'Denied',44,10,3),(1966,'2019-11-15 00:00:00',840.00,966.00,15.0,'Accepted',360,7,6),(1967,'2020-02-09 00:00:00',147.00,172.00,17.0,'Denied',280,7,8),(1970,'2019-11-13 00:00:00',780.00,944.00,21.0,'Pending',521,8,4),(1973,'2019-09-13 00:00:00',488.00,610.00,25.0,'Accepted',569,9,9),(1975,'2019-05-31 00:00:00',854.00,991.00,16.0,'Pending',331,9,4),(1977,'2019-04-22 00:00:00',283.00,325.00,15.0,'Denied',316,10,2),(1978,'2019-11-17 00:00:00',381.00,476.00,25.0,'Accepted',858,10,9),(1980,'2019-08-12 00:00:00',672.00,840.00,25.0,'Pending',57,10,4),(1981,'2019-10-15 00:00:00',585.00,731.00,25.0,'Denied',277,8,10),(1982,'2019-07-22 00:00:00',493.00,597.00,21.0,'Pending',571,4,2),(1983,'2019-03-09 00:00:00',414.00,505.00,22.0,'Accepted',600,6,5),(1984,'2019-08-04 00:00:00',338.00,423.00,25.0,'Denied',479,9,4),(1985,'2019-10-03 00:00:00',509.00,621.00,22.0,'Pending',230,4,1),(1987,'2019-10-02 00:00:00',490.00,603.00,23.0,'Accepted',227,8,5),(1988,'2019-04-11 00:00:00',365.00,445.00,22.0,'Pending',739,4,4),(1989,'2019-03-21 00:00:00',945.00,1115.00,18.0,'Accepted',296,4,7),(1991,'2019-09-26 00:00:00',117.00,140.00,20.0,'Denied',224,10,10),(1994,'2020-02-21 00:00:00',152.00,185.00,22.0,'Pending',559,9,4),(1997,'2020-02-07 00:00:00',376.00,444.00,18.0,'Accepted',960,3,4),(2005,'2019-11-30 00:00:00',65.00,75.00,15.0,'Accepted',833,9,4),(2006,'2019-05-10 00:00:00',871.00,1089.00,25.0,'Denied',544,8,8),(2008,'2019-10-09 00:00:00',74.00,85.00,15.0,'Accepted',349,10,5),(2011,'2019-11-06 00:00:00',625.00,763.00,22.0,'Pending',716,5,10),(2015,'2019-08-24 00:00:00',317.00,387.00,22.0,'Denied',883,9,7),(2018,'2020-02-27 00:00:00',370.00,444.00,20.0,'Pending',437,4,9),(2020,'2019-10-30 00:00:00',685.00,808.00,18.0,'Pending',997,5,6),(2022,'2019-04-02 00:00:00',184.00,219.00,19.0,'Pending',685,4,6),(2023,'2019-11-18 00:00:00',147.00,172.00,17.0,'Accepted',155,8,5),(2025,'2019-04-01 00:00:00',188.00,226.00,20.0,'Pending',607,9,6),(2030,'2019-11-22 00:00:00',929.00,1124.00,21.0,'Accepted',367,8,2),(2034,'2019-05-03 00:00:00',22.00,28.00,25.0,'Accepted',333,4,8),(2035,'2019-06-07 00:00:00',500.00,575.00,15.0,'Pending',973,8,3),(2040,'2019-11-08 00:00:00',991.00,1199.00,21.0,'Denied',117,9,3),(2042,'2019-11-04 00:00:00',980.00,1186.00,21.0,'Pending',560,10,7),(2045,'2019-04-12 00:00:00',451.00,541.00,20.0,'Pending',332,4,1),(2049,'2020-01-07 00:00:00',921.00,1096.00,19.0,'Accepted',213,5,5),(2050,'2020-01-22 00:00:00',839.00,998.00,19.0,'Accepted',348,4,8),(2057,'2019-11-16 00:00:00',841.00,976.00,16.0,'Denied',672,10,6),(2058,'2019-05-01 00:00:00',587.00,716.00,22.0,'Denied',931,4,10),(2060,'2019-03-06 00:00:00',181.00,212.00,17.0,'Denied',367,9,5),(2061,'2019-07-26 00:00:00',622.00,734.00,18.0,'Accepted',827,10,4),(2062,'2019-06-21 00:00:00',866.00,1031.00,19.0,'Accepted',599,10,10),(2064,'2019-03-04 00:00:00',699.00,853.00,22.0,'Denied',936,10,8),(2065,'2019-05-21 00:00:00',474.00,588.00,24.0,'Denied',132,9,6),(2066,'2020-02-09 00:00:00',503.00,614.00,22.0,'Denied',509,4,5),(2067,'2019-03-16 00:00:00',939.00,1080.00,15.0,'Accepted',51,10,7),(2073,'2019-05-12 00:00:00',915.00,1052.00,15.0,'Accepted',343,9,8),(2075,'2019-05-15 00:00:00',992.00,1180.00,19.0,'Pending',773,4,3),(2076,'2019-08-08 00:00:00',179.00,220.00,23.0,'Denied',45,10,7),(2078,'2019-12-29 00:00:00',521.00,651.00,25.0,'Pending',638,10,2),(2080,'2019-11-22 00:00:00',813.00,1000.00,23.0,'Denied',621,8,1),(2084,'2019-03-13 00:00:00',821.00,944.00,15.0,'Denied',35,4,10),(2087,'2020-01-29 00:00:00',488.00,590.00,21.0,'Denied',325,4,3),(2089,'2019-10-06 00:00:00',303.00,361.00,19.0,'Denied',289,4,4),(2090,'2020-02-11 00:00:00',404.00,493.00,22.0,'Denied',589,10,5),(2093,'2019-04-18 00:00:00',377.00,445.00,18.0,'Pending',741,8,1),(2095,'2019-08-05 00:00:00',530.00,636.00,20.0,'Denied',166,7,1),(2097,'2019-09-14 00:00:00',913.00,1096.00,20.0,'Pending',994,9,9),(2098,'2019-06-19 00:00:00',583.00,670.00,15.0,'Pending',65,8,2),(2099,'2020-01-21 00:00:00',90.00,106.00,18.0,'Pending',589,10,1),(2101,'2019-09-03 00:00:00',581.00,674.00,16.0,'Pending',277,5,9),(2105,'2019-09-06 00:00:00',489.00,562.00,15.0,'Accepted',403,8,7),(2106,'2019-10-10 00:00:00',902.00,1100.00,22.0,'Pending',650,5,8),(2107,'2019-03-13 00:00:00',353.00,413.00,17.0,'Accepted',111,9,3),(2114,'2019-06-02 00:00:00',665.00,811.00,22.0,'Denied',32,4,10),(2118,'2020-01-13 00:00:00',569.00,711.00,25.0,'Accepted',855,5,6),(2120,'2019-12-28 00:00:00',590.00,690.00,17.0,'Denied',333,8,7),(2127,'2019-12-05 00:00:00',621.00,733.00,18.0,'Pending',948,10,4),(2135,'2019-06-25 00:00:00',503.00,583.00,16.0,'Denied',651,8,4),(2141,'2019-06-06 00:00:00',485.00,587.00,21.0,'Pending',630,9,2),(2142,'2019-07-28 00:00:00',659.00,804.00,22.0,'Pending',71,8,7),(2143,'2019-12-06 00:00:00',994.00,1163.00,17.0,'Denied',206,10,10),(2144,'2019-07-26 00:00:00',138.00,166.00,20.0,'Accepted',763,8,5),(2146,'2019-09-19 00:00:00',940.00,1175.00,25.0,'Pending',760,2,7),(2149,'2019-11-25 00:00:00',473.00,553.00,17.0,'Pending',92,10,7),(2151,'2019-09-04 00:00:00',651.00,775.00,19.0,'Pending',328,9,5),(2152,'2019-04-06 00:00:00',238.00,288.00,21.0,'Accepted',591,4,3),(2156,'2020-01-08 00:00:00',318.00,375.00,18.0,'Denied',379,10,1),(2157,'2019-12-14 00:00:00',292.00,353.00,21.0,'Accepted',953,4,1),(2158,'2019-06-30 00:00:00',900.00,1098.00,22.0,'Denied',428,4,5),(2159,'2019-07-24 00:00:00',330.00,409.00,24.0,'Denied',313,8,6),(2161,'2019-04-12 00:00:00',30.00,36.00,21.0,'Pending',871,10,8),(2163,'2019-04-26 00:00:00',495.00,599.00,21.0,'Pending',5,10,5),(2166,'2019-11-19 00:00:00',890.00,1068.00,20.0,'Denied',960,9,10),(2167,'2019-11-09 00:00:00',120.00,149.00,24.0,'Denied',886,8,5),(2170,'2019-05-02 00:00:00',24.00,28.00,17.0,'Accepted',937,8,3),(2171,'2019-11-15 00:00:00',98.00,122.00,24.0,'Denied',280,3,1),(2174,'2020-02-20 00:00:00',410.00,496.00,21.0,'Pending',298,8,4),(2177,'2019-04-12 00:00:00',686.00,789.00,15.0,'Pending',875,5,7),(2178,'2019-03-02 00:00:00',993.00,1211.00,22.0,'Accepted',776,9,10),(2179,'2019-10-02 00:00:00',550.00,644.00,17.0,'Denied',74,9,5),(2181,'2020-02-10 00:00:00',286.00,355.00,24.0,'Pending',133,5,7),(2188,'2019-10-06 00:00:00',898.00,1051.00,17.0,'Pending',92,5,6),(2191,'2019-03-30 00:00:00',782.00,907.00,16.0,'Denied',388,9,5),(2192,'2020-01-07 00:00:00',964.00,1205.00,25.0,'Denied',37,5,6),(2193,'2019-12-10 00:00:00',18.00,22.00,22.0,'Accepted',175,5,10),(2196,'2019-07-02 00:00:00',118.00,138.00,17.0,'Pending',21,10,6),(2202,'2019-06-21 00:00:00',112.00,140.00,25.0,'Pending',221,9,7),(2203,'2019-07-10 00:00:00',606.00,697.00,15.0,'Accepted',517,4,6),(2205,'2019-03-09 00:00:00',450.00,518.00,15.0,'Denied',296,8,1),(2210,'2020-02-28 00:00:00',216.00,259.00,20.0,'Accepted',536,10,8),(2213,'2020-01-31 00:00:00',730.00,905.00,24.0,'Accepted',307,8,2),(2214,'2019-04-03 00:00:00',177.00,204.00,15.0,'Denied',561,9,4),(2218,'2019-06-11 00:00:00',58.00,67.00,15.0,'Denied',641,8,2),(2219,'2020-02-22 00:00:00',920.00,1132.00,23.0,'Accepted',814,10,2),(2220,'2019-08-03 00:00:00',29.00,35.00,21.0,'Accepted',596,9,1),(2222,'2020-02-07 00:00:00',599.00,695.00,16.0,'Pending',673,9,4),(2225,'2020-01-10 00:00:00',490.00,568.00,16.0,'Pending',175,10,3),(2227,'2019-10-21 00:00:00',638.00,778.00,22.0,'Denied',874,8,2),(2229,'2020-01-28 00:00:00',344.00,406.00,18.0,'Pending',848,5,7),(2230,'2020-02-26 00:00:00',833.00,1041.00,25.0,'Accepted',565,9,9),(2232,'2020-01-16 00:00:00',283.00,331.00,17.0,'Pending',317,5,10),(2234,'2019-05-26 00:00:00',638.00,753.00,18.0,'Pending',800,6,9),(2235,'2019-11-21 00:00:00',443.00,554.00,25.0,'Pending',650,5,7),(2237,'2019-08-27 00:00:00',801.00,937.00,17.0,'Accepted',514,9,3),(2238,'2019-11-13 00:00:00',52.00,64.00,24.0,'Denied',992,10,5),(2239,'2019-10-10 00:00:00',772.00,903.00,17.0,'Pending',232,9,8),(2241,'2019-06-19 00:00:00',460.00,561.00,22.0,'Pending',692,4,2),(2243,'2019-07-08 00:00:00',863.00,1010.00,17.0,'Denied',122,9,9),(2245,'2020-02-12 00:00:00',311.00,364.00,17.0,'Denied',682,10,7),(2248,'2019-03-16 00:00:00',658.00,823.00,25.0,'Denied',450,5,7),(2250,'2019-07-14 00:00:00',196.00,227.00,16.0,'Accepted',106,8,9),(2253,'2019-08-21 00:00:00',705.00,867.00,23.0,'Pending',58,9,5),(2256,'2019-10-23 00:00:00',305.00,369.00,21.0,'Pending',620,10,10),(2258,'2020-02-21 00:00:00',402.00,490.00,22.0,'Accepted',392,8,4),(2259,'2019-09-16 00:00:00',939.00,1146.00,22.0,'Pending',404,8,2),(2264,'2019-07-12 00:00:00',424.00,526.00,24.0,'Pending',96,4,9),(2273,'2019-04-21 00:00:00',92.00,114.00,24.0,'Denied',291,8,10),(2275,'2019-05-16 00:00:00',139.00,174.00,25.0,'Pending',415,4,6),(2277,'2020-02-02 00:00:00',387.00,453.00,17.0,'Denied',253,5,8),(2279,'2019-03-26 00:00:00',977.00,1202.00,23.0,'Denied',534,4,2),(2284,'2020-01-27 00:00:00',689.00,799.00,16.0,'Accepted',779,9,2),(2286,'2019-11-25 00:00:00',463.00,556.00,20.0,'Accepted',141,10,3),(2291,'2019-04-28 00:00:00',493.00,601.00,22.0,'Denied',502,10,6),(2292,'2020-02-08 00:00:00',471.00,584.00,24.0,'Accepted',435,10,2),(2294,'2019-04-29 00:00:00',705.00,839.00,19.0,'Denied',763,8,1),(2300,'2019-11-30 00:00:00',614.00,718.00,17.0,'Denied',993,9,5),(2301,'2019-12-25 00:00:00',89.00,109.00,23.0,'Accepted',371,8,2),(2302,'2019-05-14 00:00:00',430.00,503.00,17.0,'Denied',618,9,10),(2304,'2019-10-04 00:00:00',276.00,328.00,19.0,'Pending',93,10,10),(2306,'2019-03-16 00:00:00',758.00,925.00,22.0,'Denied',436,5,6),(2307,'2020-02-21 00:00:00',408.00,498.00,22.0,'Pending',908,8,8),(2308,'2020-01-24 00:00:00',840.00,1050.00,25.0,'Denied',232,8,4),(2309,'2019-09-06 00:00:00',343.00,415.00,21.0,'Pending',720,7,9),(2310,'2019-04-02 00:00:00',623.00,735.00,18.0,'Accepted',830,10,10),(2312,'2020-01-25 00:00:00',637.00,784.00,23.0,'Accepted',466,9,3),(2313,'2019-04-06 00:00:00',971.00,1185.00,22.0,'Pending',996,9,4),(2320,'2020-02-21 00:00:00',524.00,613.00,17.0,'Denied',744,9,1),(2321,'2020-02-11 00:00:00',445.00,521.00,17.0,'Accepted',215,4,5),(2322,'2019-10-05 00:00:00',549.00,637.00,16.0,'Pending',391,10,3),(2324,'2020-01-13 00:00:00',39.00,47.00,21.0,'Denied',560,8,9),(2325,'2019-05-18 00:00:00',515.00,633.00,23.0,'Denied',101,9,6),(2328,'2019-03-27 00:00:00',431.00,534.00,24.0,'Denied',48,10,1),(2329,'2019-07-25 00:00:00',242.00,290.00,20.0,'Pending',126,4,3),(2330,'2019-08-21 00:00:00',761.00,944.00,24.0,'Pending',563,8,1),(2335,'2019-12-10 00:00:00',935.00,1085.00,16.0,'Accepted',757,8,2),(2338,'2019-10-06 00:00:00',703.00,851.00,21.0,'Accepted',510,8,7),(2344,'2020-01-20 00:00:00',662.00,768.00,16.0,'Accepted',825,8,2),(2348,'2019-08-31 00:00:00',63.00,74.00,17.0,'Pending',333,5,3),(2349,'2019-07-27 00:00:00',212.00,244.00,15.0,'Pending',452,8,7),(2350,'2019-03-26 00:00:00',551.00,661.00,20.0,'Pending',204,10,2),(2352,'2019-10-08 00:00:00',136.00,169.00,24.0,'Accepted',744,9,7),(2353,'2019-12-26 00:00:00',498.00,623.00,25.0,'Pending',105,9,10),(2354,'2019-04-02 00:00:00',38.00,45.00,19.0,'Denied',848,10,5),(2355,'2019-05-28 00:00:00',865.00,1003.00,16.0,'Accepted',389,10,6),(2356,'2019-10-21 00:00:00',752.00,902.00,20.0,'Pending',920,3,9),(2357,'2019-04-21 00:00:00',168.00,193.00,15.0,'Accepted',300,5,4),(2362,'2019-05-12 00:00:00',308.00,376.00,22.0,'Pending',211,5,9),(2364,'2019-04-11 00:00:00',357.00,443.00,24.0,'Pending',388,4,9),(2366,'2019-04-01 00:00:00',483.00,565.00,17.0,'Denied',150,8,6),(2367,'2019-04-14 00:00:00',390.00,472.00,21.0,'Denied',131,5,4),(2380,'2019-05-24 00:00:00',555.00,694.00,25.0,'Denied',393,9,2),(2383,'2019-10-13 00:00:00',269.00,325.00,21.0,'Accepted',766,9,1),(2385,'2019-03-16 00:00:00',632.00,727.00,15.0,'Accepted',329,10,6),(2387,'2019-06-23 00:00:00',466.00,559.00,20.0,'Denied',986,4,1),(2388,'2019-08-06 00:00:00',559.00,665.00,19.0,'Denied',848,10,6),(2391,'2019-06-14 00:00:00',122.00,140.00,15.0,'Denied',841,4,1),(2392,'2019-05-31 00:00:00',201.00,247.00,23.0,'Accepted',582,9,9),(2393,'2019-11-13 00:00:00',243.00,284.00,17.0,'Denied',549,8,1),(2397,'2019-03-16 00:00:00',86.00,106.00,23.0,'Denied',940,4,10),(2400,'2019-12-03 00:00:00',821.00,1018.00,24.0,'Denied',273,8,10),(2401,'2019-07-26 00:00:00',155.00,194.00,25.0,'Accepted',944,9,3),(2403,'2019-07-02 00:00:00',632.00,758.00,20.0,'Denied',691,10,4),(2405,'2020-02-18 00:00:00',336.00,420.00,25.0,'Pending',629,8,10),(2412,'2019-05-25 00:00:00',43.00,52.00,22.0,'Pending',58,10,2),(2413,'2019-12-06 00:00:00',631.00,776.00,23.0,'Denied',215,4,8),(2414,'2020-01-01 00:00:00',274.00,323.00,18.0,'Accepted',399,8,7),(2415,'2019-02-28 00:00:00',577.00,704.00,22.0,'Denied',253,5,6),(2416,'2019-04-22 00:00:00',144.00,170.00,18.0,'Accepted',924,10,2),(2418,'2019-08-01 00:00:00',388.00,462.00,19.0,'Pending',306,5,10),(2420,'2019-12-22 00:00:00',200.00,236.00,18.0,'Pending',614,7,4),(2421,'2019-07-26 00:00:00',910.00,1083.00,19.0,'Pending',305,8,5),(2424,'2019-12-04 00:00:00',508.00,610.00,20.0,'Accepted',903,10,10),(2430,'2019-08-07 00:00:00',476.00,566.00,19.0,'Pending',722,9,4),(2439,'2019-08-22 00:00:00',237.00,284.00,20.0,'Denied',667,8,9),(2440,'2019-09-14 00:00:00',164.00,198.00,21.0,'Denied',707,9,3),(2442,'2019-09-30 00:00:00',127.00,155.00,22.0,'Denied',832,8,8),(2445,'2019-03-20 00:00:00',796.00,923.00,16.0,'Pending',488,8,2),(2447,'2019-12-28 00:00:00',809.00,979.00,21.0,'Pending',93,10,6),(2448,'2019-10-26 00:00:00',413.00,508.00,23.0,'Accepted',21,10,4),(2449,'2019-07-20 00:00:00',451.00,550.00,22.0,'Denied',667,10,9),(2452,'2020-02-25 00:00:00',533.00,661.00,24.0,'Accepted',195,10,1),(2453,'2020-02-26 00:00:00',272.00,337.00,24.0,'Accepted',554,10,5),(2456,'2019-08-23 00:00:00',790.00,909.00,15.0,'Pending',795,4,3),(2458,'2020-02-17 00:00:00',531.00,648.00,22.0,'Accepted',812,4,2),(2460,'2020-02-12 00:00:00',291.00,340.00,17.0,'Denied',448,9,3),(2464,'2019-10-09 00:00:00',52.00,60.00,16.0,'Denied',622,4,1),(2475,'2019-12-26 00:00:00',436.00,519.00,19.0,'Pending',692,4,5),(2476,'2019-12-04 00:00:00',431.00,526.00,22.0,'Accepted',138,8,8),(2477,'2019-03-01 00:00:00',556.00,662.00,19.0,'Pending',682,4,5),(2478,'2019-04-23 00:00:00',785.00,958.00,22.0,'Denied',100,9,2),(2479,'2019-03-01 00:00:00',570.00,707.00,24.0,'Pending',784,8,4),(2480,'2019-10-12 00:00:00',729.00,882.00,21.0,'Denied',590,10,10),(2485,'2019-06-08 00:00:00',524.00,608.00,16.0,'Accepted',306,9,8),(2486,'2020-01-27 00:00:00',907.00,1134.00,25.0,'Accepted',907,10,8),(2492,'2019-12-08 00:00:00',684.00,828.00,21.0,'Denied',875,8,9),(2493,'2019-11-23 00:00:00',625.00,756.00,21.0,'Accepted',115,9,8),(2495,'2019-04-10 00:00:00',476.00,590.00,24.0,'Accepted',649,10,8),(2496,'2019-12-24 00:00:00',474.00,583.00,23.0,'Denied',931,8,4),(2497,'2019-08-25 00:00:00',547.00,684.00,25.0,'Accepted',197,8,3),(2499,'2020-02-05 00:00:00',54.00,65.00,20.0,'Denied',402,8,2),(2501,'2019-06-27 00:00:00',244.00,285.00,17.0,'Pending',335,9,3),(2504,'2020-01-09 00:00:00',525.00,604.00,15.0,'Pending',994,9,5),(2507,'2019-03-31 00:00:00',564.00,705.00,25.0,'Pending',808,5,6),(2510,'2019-12-27 00:00:00',210.00,242.00,15.0,'Denied',920,5,6),(2513,'2020-02-24 00:00:00',678.00,786.00,16.0,'Denied',92,9,5),(2515,'2019-12-06 00:00:00',435.00,505.00,16.0,'Pending',355,5,8),(2516,'2020-02-26 00:00:00',950.00,1159.00,22.0,'Accepted',539,4,4),(2521,'2019-08-05 00:00:00',961.00,1105.00,15.0,'Pending',14,10,8),(2524,'2019-09-05 00:00:00',623.00,779.00,25.0,'Denied',639,4,4),(2525,'2020-02-28 00:00:00',11.00,13.00,19.0,'Accepted',111,9,10),(2527,'2019-03-21 00:00:00',220.00,271.00,23.0,'Denied',422,4,7),(2528,'2019-04-19 00:00:00',578.00,711.00,23.0,'Pending',343,9,9),(2529,'2019-11-18 00:00:00',217.00,250.00,15.0,'Denied',466,5,9),(2530,'2020-02-05 00:00:00',785.00,934.00,19.0,'Denied',171,8,4),(2531,'2019-10-13 00:00:00',302.00,350.00,16.0,'Denied',179,10,5),(2534,'2019-07-28 00:00:00',404.00,493.00,22.0,'Denied',71,10,3),(2539,'2019-11-28 00:00:00',32.00,37.00,17.0,'Denied',219,4,8),(2540,'2019-04-11 00:00:00',869.00,1069.00,23.0,'Pending',202,9,9),(2541,'2019-09-24 00:00:00',742.00,928.00,25.0,'Denied',179,5,3),(2542,'2019-12-12 00:00:00',893.00,1107.00,24.0,'Denied',450,10,5),(2543,'2019-11-20 00:00:00',588.00,688.00,17.0,'Denied',949,4,2),(2544,'2019-12-01 00:00:00',146.00,175.00,20.0,'Denied',349,10,9),(2546,'2019-10-14 00:00:00',519.00,618.00,19.0,'Pending',173,9,6),(2549,'2019-07-01 00:00:00',385.00,481.00,25.0,'Denied',738,10,2),(2554,'2019-04-25 00:00:00',352.00,436.00,24.0,'Accepted',344,4,3),(2557,'2019-04-19 00:00:00',364.00,440.00,21.0,'Pending',400,10,1),(2563,'2020-02-24 00:00:00',12.00,15.00,23.0,'Denied',370,10,3),(2566,'2019-11-02 00:00:00',254.00,310.00,22.0,'Accepted',887,9,4),(2569,'2019-09-28 00:00:00',14.00,17.00,20.0,'Accepted',973,10,3),(2571,'2019-06-01 00:00:00',284.00,352.00,24.0,'Denied',698,10,5),(2572,'2019-03-06 00:00:00',671.00,805.00,20.0,'Pending',14,9,3),(2573,'2019-06-07 00:00:00',486.00,564.00,16.0,'Accepted',876,10,1),(2578,'2019-03-10 00:00:00',406.00,467.00,15.0,'Accepted',498,8,1),(2582,'2019-12-15 00:00:00',781.00,914.00,17.0,'Pending',427,4,3),(2586,'2019-05-12 00:00:00',864.00,1063.00,23.0,'Accepted',684,9,1),(2587,'2020-01-19 00:00:00',162.00,198.00,22.0,'Accepted',200,7,1),(2589,'2020-02-25 00:00:00',945.00,1153.00,22.0,'Denied',996,8,1),(2592,'2019-11-26 00:00:00',223.00,261.00,17.0,'Denied',96,4,10),(2593,'2019-04-11 00:00:00',69.00,83.00,20.0,'Denied',157,8,2),(2595,'2019-12-24 00:00:00',674.00,802.00,19.0,'Pending',355,5,4),(2598,'2019-04-13 00:00:00',889.00,1049.00,18.0,'Denied',751,9,7),(2600,'2019-08-31 00:00:00',920.00,1095.00,19.0,'Pending',134,8,8),(2601,'2019-12-05 00:00:00',742.00,853.00,15.0,'Pending',373,9,3),(2602,'2019-04-21 00:00:00',233.00,273.00,17.0,'Accepted',383,8,1),(2603,'2019-09-03 00:00:00',82.00,97.00,18.0,'Pending',200,10,2),(2605,'2019-03-05 00:00:00',740.00,866.00,17.0,'Denied',880,7,1),(2607,'2020-01-17 00:00:00',442.00,544.00,23.0,'Accepted',140,8,8),(2608,'2019-10-27 00:00:00',260.00,325.00,25.0,'Pending',912,10,1),(2609,'2020-02-06 00:00:00',929.00,1133.00,22.0,'Denied',482,4,10),(2610,'2019-06-21 00:00:00',572.00,681.00,19.0,'Denied',312,9,9),(2611,'2019-10-28 00:00:00',883.00,1095.00,24.0,'Pending',948,4,1),(2613,'2019-04-01 00:00:00',427.00,525.00,23.0,'Accepted',988,10,3),(2614,'2019-10-01 00:00:00',988.00,1215.00,23.0,'Denied',885,10,4),(2617,'2019-08-08 00:00:00',466.00,559.00,20.0,'Pending',714,4,4),(2618,'2019-09-09 00:00:00',926.00,1065.00,15.0,'Denied',188,10,1),(2619,'2019-02-28 00:00:00',788.00,946.00,20.0,'Pending',670,10,10),(2621,'2019-09-09 00:00:00',585.00,714.00,22.0,'Accepted',880,4,3),(2623,'2019-06-20 00:00:00',311.00,361.00,16.0,'Denied',622,9,7),(2624,'2019-10-28 00:00:00',197.00,240.00,22.0,'Denied',364,9,9),(2632,'2019-12-02 00:00:00',209.00,253.00,21.0,'Denied',956,9,8),(2634,'2019-11-18 00:00:00',768.00,929.00,21.0,'Accepted',163,5,10),(2635,'2019-10-28 00:00:00',947.00,1146.00,21.0,'Denied',865,9,9),(2636,'2020-01-24 00:00:00',349.00,405.00,16.0,'Denied',329,9,2),(2637,'2019-11-25 00:00:00',471.00,551.00,17.0,'Denied',211,4,1),(2642,'2019-04-04 00:00:00',115.00,141.00,23.0,'Accepted',401,8,3),(2644,'2019-04-15 00:00:00',893.00,1063.00,19.0,'Pending',398,8,2),(2645,'2019-12-04 00:00:00',124.00,146.00,18.0,'Denied',27,9,7),(2647,'2019-05-26 00:00:00',869.00,1034.00,19.0,'Denied',708,8,6),(2648,'2019-10-12 00:00:00',463.00,546.00,18.0,'Pending',513,8,2),(2650,'2019-11-26 00:00:00',487.00,594.00,22.0,'Denied',181,8,1),(2651,'2019-07-04 00:00:00',410.00,476.00,16.0,'Pending',713,4,1),(2654,'2019-08-17 00:00:00',444.00,546.00,23.0,'Pending',228,4,1),(2655,'2019-05-18 00:00:00',883.00,1086.00,23.0,'Pending',831,9,9),(2656,'2019-06-18 00:00:00',303.00,355.00,17.0,'Accepted',344,4,6),(2663,'2019-10-10 00:00:00',876.00,1060.00,21.0,'Denied',689,9,9),(2666,'2019-12-08 00:00:00',609.00,731.00,20.0,'Accepted',840,1,2),(2669,'2019-12-11 00:00:00',839.00,1049.00,25.0,'Denied',87,4,3),(2670,'2019-09-20 00:00:00',728.00,895.00,23.0,'Pending',855,8,7),(2672,'2019-06-05 00:00:00',537.00,671.00,25.0,'Denied',742,8,9),(2677,'2019-10-19 00:00:00',13.00,16.00,20.0,'Denied',767,9,6),(2680,'2019-11-12 00:00:00',747.00,881.00,18.0,'Pending',134,4,5),(2682,'2019-09-12 00:00:00',870.00,1070.00,23.0,'Pending',381,10,7),(2684,'2019-06-20 00:00:00',576.00,662.00,15.0,'Denied',107,5,4),(2685,'2019-11-19 00:00:00',438.00,548.00,25.0,'Accepted',599,10,8),(2688,'2019-09-02 00:00:00',46.00,53.00,15.0,'Denied',792,9,8),(2689,'2019-06-25 00:00:00',252.00,292.00,16.0,'Denied',628,10,10),(2690,'2019-05-08 00:00:00',711.00,853.00,20.0,'Denied',370,10,2),(2691,'2019-06-30 00:00:00',93.00,113.00,21.0,'Accepted',746,8,7),(2701,'2019-08-17 00:00:00',202.00,236.00,17.0,'Denied',882,5,3),(2702,'2019-09-01 00:00:00',205.00,240.00,17.0,'Pending',675,8,1),(2708,'2019-08-07 00:00:00',376.00,440.00,17.0,'Denied',98,8,10),(2713,'2019-05-14 00:00:00',197.00,234.00,19.0,'Pending',951,8,2),(2714,'2019-07-26 00:00:00',786.00,935.00,19.0,'Pending',632,9,4),(2716,'2019-10-12 00:00:00',517.00,641.00,24.0,'Pending',694,10,4),(2717,'2019-03-10 00:00:00',997.00,1206.00,21.0,'Pending',675,9,9),(2719,'2019-09-07 00:00:00',377.00,441.00,17.0,'Pending',205,8,7),(2720,'2019-06-21 00:00:00',788.00,961.00,22.0,'Accepted',739,8,6),(2721,'2019-12-05 00:00:00',19.00,23.00,22.0,'Pending',261,8,10),(2722,'2019-05-20 00:00:00',426.00,533.00,25.0,'Accepted',240,6,3),(2723,'2020-01-01 00:00:00',851.00,1047.00,23.0,'Pending',795,8,7),(2724,'2020-01-21 00:00:00',95.00,119.00,25.0,'Pending',198,9,10),(2727,'2019-10-22 00:00:00',302.00,359.00,19.0,'Accepted',454,9,6),(2729,'2019-08-06 00:00:00',204.00,235.00,15.0,'Pending',480,2,3),(2731,'2019-11-07 00:00:00',100.00,117.00,17.0,'Accepted',914,10,10),(2732,'2019-12-26 00:00:00',482.00,598.00,24.0,'Denied',862,9,5),(2733,'2019-08-25 00:00:00',793.00,952.00,20.0,'Pending',458,5,7),(2735,'2019-04-30 00:00:00',586.00,709.00,21.0,'Accepted',923,4,7),(2736,'2019-06-30 00:00:00',376.00,444.00,18.0,'Denied',235,8,7),(2737,'2019-12-24 00:00:00',805.00,926.00,15.0,'Accepted',123,10,1),(2740,'2019-12-07 00:00:00',560.00,666.00,19.0,'Accepted',543,10,8),(2741,'2020-01-26 00:00:00',109.00,126.00,16.0,'Denied',253,10,7),(2746,'2019-11-23 00:00:00',423.00,503.00,19.0,'Denied',513,10,9),(2748,'2019-09-26 00:00:00',411.00,510.00,24.0,'Pending',659,8,8),(2751,'2019-09-11 00:00:00',451.00,555.00,23.0,'Accepted',883,8,3),(2752,'2020-01-16 00:00:00',715.00,879.00,23.0,'Pending',736,9,9),(2755,'2020-01-31 00:00:00',842.00,1019.00,21.0,'Denied',568,10,10),(2758,'2020-01-16 00:00:00',436.00,514.00,18.0,'Pending',645,5,1),(2765,'2020-01-13 00:00:00',562.00,658.00,17.0,'Accepted',408,10,6),(2768,'2019-12-23 00:00:00',703.00,879.00,25.0,'Accepted',966,9,9),(2770,'2019-04-21 00:00:00',904.00,1130.00,25.0,'Denied',117,8,8),(2773,'2019-08-31 00:00:00',431.00,530.00,23.0,'Pending',325,5,1),(2777,'2019-08-28 00:00:00',225.00,266.00,18.0,'Denied',589,8,8),(2778,'2019-04-25 00:00:00',273.00,336.00,23.0,'Accepted',539,8,10),(2782,'2019-12-19 00:00:00',121.00,144.00,19.0,'Pending',520,10,1),(2783,'2019-11-10 00:00:00',429.00,498.00,16.0,'Pending',864,9,4),(2786,'2020-01-25 00:00:00',283.00,328.00,16.0,'Accepted',966,9,10),(2788,'2019-05-13 00:00:00',683.00,833.00,22.0,'Accepted',477,9,4),(2790,'2019-03-08 00:00:00',494.00,583.00,18.0,'Denied',350,9,8),(2791,'2020-01-16 00:00:00',474.00,574.00,21.0,'Accepted',119,5,10),(2792,'2019-07-16 00:00:00',459.00,574.00,25.0,'Pending',193,9,10),(2793,'2019-10-11 00:00:00',964.00,1109.00,15.0,'Denied',28,5,9),(2797,'2020-01-17 00:00:00',103.00,119.00,16.0,'Denied',924,9,7),(2798,'2019-06-19 00:00:00',846.00,1041.00,23.0,'Accepted',759,4,10),(2799,'2019-05-26 00:00:00',397.00,461.00,16.0,'Pending',576,9,7),(2800,'2019-03-23 00:00:00',872.00,1055.00,21.0,'Pending',123,10,5),(2804,'2020-01-05 00:00:00',181.00,212.00,17.0,'Denied',440,5,10),(2805,'2019-04-23 00:00:00',976.00,1220.00,25.0,'Accepted',536,9,8),(2806,'2019-11-11 00:00:00',504.00,630.00,25.0,'Pending',264,8,1),(2810,'2020-02-22 00:00:00',401.00,461.00,15.0,'Denied',906,4,6),(2811,'2019-05-15 00:00:00',250.00,293.00,17.0,'Denied',980,10,5),(2814,'2020-02-14 00:00:00',404.00,505.00,25.0,'Denied',28,5,7),(2816,'2019-09-01 00:00:00',579.00,724.00,25.0,'Pending',13,4,6),(2817,'2019-08-30 00:00:00',564.00,671.00,19.0,'Pending',98,9,2),(2818,'2019-08-10 00:00:00',832.00,990.00,19.0,'Pending',924,10,6),(2819,'2019-04-18 00:00:00',630.00,737.00,17.0,'Denied',486,8,7),(2820,'2019-08-08 00:00:00',704.00,824.00,17.0,'Denied',434,5,3),(2821,'2019-11-23 00:00:00',664.00,817.00,23.0,'Accepted',241,9,7),(2823,'2019-07-08 00:00:00',731.00,870.00,19.0,'Accepted',238,9,5),(2830,'2020-01-06 00:00:00',989.00,1187.00,20.0,'Accepted',921,7,10),(2833,'2019-12-06 00:00:00',886.00,1054.00,19.0,'Denied',524,10,10),(2834,'2020-02-21 00:00:00',705.00,839.00,19.0,'Accepted',132,8,5),(2835,'2019-06-10 00:00:00',955.00,1136.00,19.0,'Accepted',949,5,5),(2840,'2019-12-28 00:00:00',560.00,644.00,15.0,'Pending',132,8,6),(2843,'2019-06-12 00:00:00',523.00,638.00,22.0,'Accepted',554,9,7),(2847,'2019-05-06 00:00:00',844.00,1021.00,21.0,'Accepted',680,3,7),(2850,'2019-10-12 00:00:00',83.00,100.00,21.0,'Accepted',949,4,10),(2851,'2019-03-13 00:00:00',246.00,305.00,24.0,'Denied',184,5,2),(2852,'2019-08-05 00:00:00',459.00,569.00,24.0,'Denied',669,8,5),(2853,'2019-12-25 00:00:00',762.00,945.00,24.0,'Denied',527,10,6),(2854,'2019-09-20 00:00:00',110.00,129.00,17.0,'Pending',763,8,7),(2855,'2019-04-13 00:00:00',257.00,298.00,16.0,'Accepted',44,10,6),(2856,'2020-01-21 00:00:00',318.00,394.00,24.0,'Accepted',581,8,9),(2858,'2019-03-04 00:00:00',469.00,582.00,24.0,'Denied',920,7,4),(2863,'2019-07-17 00:00:00',823.00,946.00,15.0,'Denied',746,4,1),(2864,'2019-10-28 00:00:00',602.00,716.00,19.0,'Denied',834,7,4),(2866,'2019-04-03 00:00:00',786.00,983.00,25.0,'Pending',840,4,6),(2867,'2019-11-13 00:00:00',433.00,541.00,25.0,'Pending',963,8,10),(2868,'2019-09-19 00:00:00',260.00,317.00,22.0,'Pending',522,4,5),(2872,'2019-10-10 00:00:00',438.00,534.00,22.0,'Denied',751,4,10),(2877,'2019-09-18 00:00:00',889.00,1040.00,17.0,'Pending',90,4,4),(2878,'2019-09-30 00:00:00',762.00,930.00,22.0,'Denied',968,10,4),(2882,'2020-02-27 00:00:00',138.00,164.00,19.0,'Accepted',244,10,7),(2885,'2019-08-07 00:00:00',973.00,1129.00,16.0,'Denied',442,9,4),(2886,'2019-11-08 00:00:00',332.00,392.00,18.0,'Pending',926,9,9),(2889,'2019-11-13 00:00:00',442.00,539.00,22.0,'Pending',840,1,9),(2890,'2020-01-15 00:00:00',668.00,835.00,25.0,'Denied',542,9,3),(2898,'2019-12-14 00:00:00',559.00,699.00,25.0,'Denied',743,8,2),(2901,'2019-09-03 00:00:00',493.00,597.00,21.0,'Accepted',614,10,2),(2903,'2020-01-14 00:00:00',742.00,868.00,17.0,'Pending',224,4,10),(2905,'2019-06-26 00:00:00',139.00,160.00,15.0,'Denied',455,9,8),(2908,'2019-09-26 00:00:00',995.00,1234.00,24.0,'Denied',440,2,9),(2909,'2020-01-21 00:00:00',453.00,539.00,19.0,'Pending',512,5,5),(2911,'2019-05-02 00:00:00',503.00,604.00,20.0,'Pending',87,9,7),(2915,'2019-08-20 00:00:00',505.00,631.00,25.0,'Pending',284,4,8),(2919,'2019-09-20 00:00:00',467.00,551.00,18.0,'Pending',543,8,1),(2921,'2019-04-23 00:00:00',119.00,144.00,21.0,'Pending',238,4,9),(2922,'2019-10-06 00:00:00',595.00,702.00,18.0,'Accepted',948,4,3),(2928,'2019-11-01 00:00:00',435.00,531.00,22.0,'Pending',950,10,6),(2929,'2019-08-23 00:00:00',838.00,1022.00,22.0,'Accepted',538,9,9),(2930,'2019-10-12 00:00:00',44.00,55.00,25.0,'Accepted',960,4,4),(2932,'2019-04-05 00:00:00',393.00,472.00,20.0,'Denied',276,8,7),(2933,'2019-05-28 00:00:00',579.00,672.00,16.0,'Accepted',10,8,4),(2935,'2019-07-05 00:00:00',146.00,168.00,15.0,'Denied',634,8,5),(2936,'2020-01-27 00:00:00',771.00,887.00,15.0,'Accepted',361,5,9),(2937,'2019-06-12 00:00:00',653.00,777.00,19.0,'Accepted',28,4,3),(2938,'2019-12-20 00:00:00',586.00,703.00,20.0,'Accepted',495,10,10),(2940,'2020-01-08 00:00:00',585.00,673.00,15.0,'Accepted',341,4,1),(2941,'2019-07-11 00:00:00',815.00,986.00,21.0,'Pending',207,4,10),(2942,'2020-01-31 00:00:00',541.00,671.00,24.0,'Accepted',847,5,5),(2944,'2019-11-15 00:00:00',941.00,1176.00,25.0,'Accepted',163,9,2),(2946,'2019-12-25 00:00:00',434.00,503.00,16.0,'Pending',420,8,7),(2947,'2020-01-17 00:00:00',437.00,529.00,21.0,'Accepted',259,8,4),(2949,'2019-05-22 00:00:00',938.00,1135.00,21.0,'Accepted',573,8,6),(2954,'2020-02-14 00:00:00',427.00,495.00,16.0,'Accepted',697,9,9),(2959,'2019-07-21 00:00:00',806.00,935.00,16.0,'Pending',29,10,2),(2960,'2019-10-05 00:00:00',514.00,601.00,17.0,'Pending',647,4,3),(2962,'2019-03-19 00:00:00',272.00,316.00,16.0,'Accepted',340,4,8),(2964,'2019-11-30 00:00:00',306.00,373.00,22.0,'Denied',508,9,2),(2966,'2019-05-22 00:00:00',401.00,497.00,24.0,'Accepted',807,9,10),(2967,'2020-01-02 00:00:00',225.00,272.00,21.0,'Denied',115,10,6),(2969,'2019-04-04 00:00:00',754.00,943.00,25.0,'Denied',464,8,5),(2972,'2019-09-30 00:00:00',189.00,236.00,25.0,'Pending',834,9,1),(2976,'2019-07-22 00:00:00',913.00,1050.00,15.0,'Accepted',240,8,2),(2978,'2020-02-03 00:00:00',315.00,365.00,16.0,'Denied',114,8,8),(2979,'2019-03-04 00:00:00',537.00,661.00,23.0,'Pending',674,9,10),(2983,'2020-02-27 00:00:00',428.00,518.00,21.0,'Denied',750,4,3),(2984,'2019-03-20 00:00:00',426.00,520.00,22.0,'Pending',654,10,1),(2985,'2019-05-27 00:00:00',268.00,319.00,19.0,'Pending',586,10,4),(2987,'2019-12-22 00:00:00',163.00,194.00,19.0,'Accepted',389,9,2),(2988,'2019-07-12 00:00:00',800.00,968.00,21.0,'Denied',960,2,6),(2990,'2019-09-27 00:00:00',949.00,1120.00,18.0,'Denied',700,4,9),(2992,'2019-06-05 00:00:00',865.00,1038.00,20.0,'Pending',202,9,7),(2993,'2019-10-10 00:00:00',638.00,772.00,21.0,'Accepted',510,9,8),(2997,'2019-08-12 00:00:00',880.00,1030.00,17.0,'Accepted',622,9,10),(3001,'2020-02-26 15:37:52',80.00,100.00,25.0,'Pending',2,2,2);
/*!40000 ALTER TABLE `stakes` ENABLE KEYS */;
UNLOCK TABLES;

--
-- Table structure for table `users`
--

DROP TABLE IF EXISTS `users`;
/*!40101 SET @saved_cs_client     = @@character_set_client */;
 SET character_set_client = utf8mb4 ;
CREATE TABLE `users` (
  `id` int(11) NOT NULL AUTO_INCREMENT,
  `login` varchar(20) NOT NULL,
  `password` varchar(200) NOT NULL,
  `email` varchar(45) DEFAULT NULL,
  `role` varchar(10) NOT NULL DEFAULT 'driver',
  `token` text,
  PRIMARY KEY (`id`),
  UNIQUE KEY `login` (`login`),
  UNIQUE KEY `email` (`email`)
) ENGINE=InnoDB AUTO_INCREMENT=37 DEFAULT CHARSET=utf8;
/*!40101 SET character_set_client = @saved_cs_client */;

--
-- Dumping data for table `users`
--

LOCK TABLES `users` WRITE;
/*!40000 ALTER TABLE `users` DISABLE KEYS */;
INSERT INTO `users` VALUES (2,'1','$2b$08$lXB8KxeHPn2ZkCi/c9xjR.OYLHLh/zbBabpQ9pFXYw0REs6WMajyS','1@','driver','eyJhbGciOiJIUzI1NiIsInR5cCI6IkpXVCJ9.eyJzdWIiOnsiaWRfdXNlciI6Miwicm9sZSI6ImRyaXZlciJ9LCJpYXQiOjE1ODI3MzQ0OTV9.guCZs68xFmsMOp3F51N98l9_RWApK0NLCsj-skpQYjY'),(3,'11','$2b$08$oK8Z6.rh.2ys.OOJkwHXZOts60eXQc0HyjqRbjClR/xVoAtDTPz42','11@','driver',NULL),(4,'111','$2b$08$vqzoKtIMhQJUQLAPiVxCKe2peR0BUzWBGveORUoAfRFq9tbFrNozi','111@','driver',NULL),(5,'1111','$2b$08$SzWYqdOp/vuXpnfaerqqvuRkqrsgnhKWrwwNUwI3UYPtbmMTft8Iq','1111@','driver',NULL),(6,'11111','$2b$08$cR9jrr1SAucVmzMFFt2XwecNuvnA4ybYJWob6G4qr3b/UI7EQ4EhW','11111@','driver',NULL),(7,'12','$2b$08$Vt2zDOnisFCt9JfD5kHeAuHLnlx3eDy0OMJv5WjH30WiZWFJonxAW','12@','driver',NULL),(8,'13','$2b$08$KTiiv79yalZ4f2XH3ZfClOTEUccL6fo96Uii7E3x5Y3jqFYdxFeF.','13@','driver',NULL),(9,'14','$2b$08$MGhdsuyEb5lQeKHDujmNVOb3sY2zFne.YXBOSsgGct2jkUeSxfXPm','14@','driver',NULL),(10,'15','$2b$08$CuUwJSmlXr6FyjHH0ygb4uzLlUnPfA56uhUO94OUSR5PybGWOfKle','15@','driver',NULL),(11,'16','$2b$08$GWgJCmlTXmYBgIye9K9Y9u0zklCIJ4FNeMElZEVa3.rvuR/w8Pw5i','16@','driver',NULL),(13,'2','$2b$08$dU2ngZa9H.lDzt/ssZ0DyeUm5UBoBdn.5IWIBKmAuhsypE8y/dMHC','2@','manager','eyJhbGciOiJIUzI1NiIsInR5cCI6IkpXVCJ9.eyJzdWIiOnsiaWRfdXNlciI6MTMsInJvbGUiOiJtYW5hZ2VyIn0sImlhdCI6MTU4Mjc5ODQ1MX0.096a4cYXwL42ObjrRCt170yepOtcugF8SH0CG0ybCdY'),(14,'21','$2b$08$0nsVc1hB2IPF0eblzeoPCuM1J0obLJtkDh36Jfai47nyshpnyeHHq','21@','manager',NULL),(15,'22','$2b$08$P0y65NUqeb2EiL5XC56Kae/PuqzqAYZ3FUZ1bHyo2GhFfzbSmU97i','22@','manager',NULL),(16,'23','$2b$08$SzUapJG1PVqhMWoUs3CIoecUBg16VpJVmP9F5SMgo1JaXcfxloy4W','23@','manager',NULL),(17,'24','$2b$08$OXY5bWC4kfQ3jO0zEcbrEO55HWx59iSmdb6A6kdrRzOmVoBlGPZpu','24@','manager',NULL),(18,'25','$2b$08$0g81v9DA6pw34YG7YpuNROvJvZp1a5mlH5erSqtUQlx7cUUyIs5W2','25@','manager',NULL),(19,'26','$2b$08$8trgmzw/tAm7cxJRGXVkceoD37bwBy0DoKvtwCCtoO.zNNe3Kdu..','26@','manager',NULL),(20,'27','$2b$08$GFOcQg8WD4ObMFfPfs7UDerEBxIFwRNjXgOBTYUorZbflqFt.pXya','27@','manager',NULL),(21,'28','$2b$08$xrS554fqgSx8hxwZSzdfc.JfWdYW8o0sCfj/Z59z6vo4WyhkDN0.a','28@','manager',NULL),(22,'29','$2b$08$mtuIm.O1rz2yerqa2rVYYu7tcMGURKtJgpNceeeHWCGCfG7IJOtmq','29@','manager',NULL),(23,'210','$2b$08$RnwXI69Zll7VW/M1Lm0h8.WyODs7p9GDZ1LbIui9rfDMmPTaGsawC','210@','manager',NULL),(24,'3','$2b$08$DfANCqrH9BI7Glor5tTb3u4WJG6q8YyBRynpbi6P9MfZfC69ARczK','3@','admin','eyJhbGciOiJIUzI1NiIsInR5cCI6IkpXVCJ9.eyJzdWIiOnsiaWRfdXNlciI6MjQsInJvbGUiOiJhZG1pbiJ9LCJpYXQiOjE1ODI3OTg5NzZ9.1XMDFsUhceY-T6XpQLM-avP9fKfrPSuCtxtgOlSweyw'),(25,'31','$2b$08$1eqkNrAW5sW65.YotK50fOR7dy1QfWOy9b19AqmnYwKxJMBhZhpa.','31@','admin',NULL),(26,'32','$2b$08$/zYr/XyAcs8LX2gaQ93d4.Uk6IhanEkOWEW1X/NdLeMjqi/orZrLC','32@','admin',NULL),(27,'33','$2b$08$yvDDihhGOngfdL955l9s6uMS8v2.M66qGps8YU72RrRQtNw4yPruu','33@','admin',NULL),(28,'34','$2b$08$aK6HTNaxS.T/l3ZQJ7Sdi.E8bfWeS47BPfp4sxff99kXbpPpSQfXq','34@','admin',NULL),(29,'35','$2b$08$NCE/4AQcqVzusc2qT1O3jOmOY8pL6crg4cJiFZp0vhA01YBZavRoi','35@','admin',NULL),(30,'36','$2b$08$7c2buG2PiRlFaAdMUzkcOOLgCw7NrRBmmppBXQpUvJz367QY8Yhvi','36@','admin',NULL),(31,'37','$2b$08$MUycpJgEtMlf8U40/sAIIOuRC/Oc5ZtNgG1wnJyQIjJ9CiMSOBkwq','37@','admin',NULL),(32,'38','$2b$08$xEQogLgtvt026QePZuHZZeOdPsJn6ygWku1Xn1FP0JHY2RrITyBbm','38@','admin',NULL),(33,'39','$2b$08$mVaaUKAvv7BSfX4EOttTHudKhAfNX6JWbdairFLLJwDDrZrU21fcK','39@','admin',NULL),(34,'310','$2b$08$T8m/CyVRLwheVr9NOXlTmOcIsV9wAhjxcSpf8lOdLeKjY0VJRNwRi','310@','admin',NULL),(35,'320','$2b$08$XbFHz2S39POGfgbl1slKwOVXizzdIHNvfWonMPrFHTKF72eCz47Uu','320@','admin',NULL),(36,'01ABab','$2b$08$RH5FtV.aKpPSTppyVryNOeOt3E1Nw9xiJBGONfiI40BQVCWJqMwta','Test@gmail.com','manager',NULL);
/*!40000 ALTER TABLE `users` ENABLE KEYS */;
UNLOCK TABLES;

--
-- Table structure for table `vehicles`
--

DROP TABLE IF EXISTS `vehicles`;
/*!40101 SET @saved_cs_client     = @@character_set_client */;
 SET character_set_client = utf8mb4 ;
CREATE TABLE `vehicles` (
  `id` int(11) NOT NULL AUTO_INCREMENT,
  `model` varchar(30) NOT NULL,
  `length` int(11) NOT NULL,
  `width` int(11) NOT NULL,
  `height` int(11) NOT NULL,
  `weight` int(11) NOT NULL,
  PRIMARY KEY (`id`)
) ENGINE=InnoDB AUTO_INCREMENT=501 DEFAULT CHARSET=utf8;
/*!40101 SET character_set_client = @saved_cs_client */;

--
-- Dumping data for table `vehicles`
--

LOCK TABLES `vehicles` WRITE;
/*!40000 ALTER TABLE `vehicles` DISABLE KEYS */;
INSERT INTO `vehicles` VALUES (1,'Sedan',100,40,40,500),(2,'CUV',200,80,80,1000),(3,'Hatchback',300,120,120,1500),(4,'Minivan',400,180,180,2100),(5,'SUV',550,230,230,2700),(6,'Pickup',680,280,280,3500),(7,'Van',800,320,320,4000),(8,'Truck',900,360,360,4500),(9,'SuperTruck',1001,401,401,5001);
/*!40000 ALTER TABLE `vehicles` ENABLE KEYS */;
UNLOCK TABLES;
/*!40103 SET TIME_ZONE=@OLD_TIME_ZONE */;

/*!40101 SET SQL_MODE=@OLD_SQL_MODE */;
/*!40014 SET FOREIGN_KEY_CHECKS=@OLD_FOREIGN_KEY_CHECKS */;
/*!40014 SET UNIQUE_CHECKS=@OLD_UNIQUE_CHECKS */;
/*!40101 SET CHARACTER_SET_CLIENT=@OLD_CHARACTER_SET_CLIENT */;
/*!40101 SET CHARACTER_SET_RESULTS=@OLD_CHARACTER_SET_RESULTS */;
/*!40101 SET COLLATION_CONNECTION=@OLD_COLLATION_CONNECTION */;
/*!40111 SET SQL_NOTES=@OLD_SQL_NOTES */;

-- Dump completed on 2020-02-27 15:59:22
